respondent_id,collector_id,start_date,end_date,informed_consent,experimental_situation,assess_blame,assess_fine,assess_active_role,age,gender
13116704345,410105655,2021-11-10T21:12:20Z,2021-11-10T21:13:30Z,TRUE,agentive,5,1700,5,19,woman
13116292304,410105655,2021-11-10T19:02:03Z,2021-11-10T19:02:59Z,TRUE,agentive,3,1000,4,21,woman
13116068816,410105655,2021-11-10T17:54:18Z,2021-11-10T17:54:39Z,TRUE,NA,NA,NA,NA,NA,NA
13115930076,410105655,2021-11-10T17:12:40Z,2021-11-10T17:14:20Z,TRUE,agentive,4,1700,7,20,woman
13115933196,410105655,2021-11-10T17:13:13Z,2021-11-10T17:13:45Z,TRUE,NA,NA,NA,NA,NA,NA
13115352600,410105655,2021-11-10T14:10:18Z,2021-11-10T14:12:21Z,TRUE,agentive,2,0,5,20,woman
13115051478,410105655,2021-11-10T11:59:13Z,2021-11-10T12:00:37Z,TRUE,nonagentive,5,3400,7,22,woman
13114905183,410105655,2021-11-10T10:37:15Z,2021-11-10T10:40:09Z,TRUE,agentive,3,1000,6,19,woman
13113292960,410105655,2021-11-09T21:19:02Z,2021-11-09T21:19:11Z,TRUE,NA,NA,NA,NA,NA,NA
13113063483,410105655,2021-11-09T20:06:33Z,2021-11-09T20:06:51Z,TRUE,NA,NA,NA,NA,NA,NA
13112924427,410105655,2021-11-09T19:24:01Z,2021-11-09T19:25:21Z,TRUE,nonagentive,1,NA,5,NA,NA
13112849815,410105655,2021-11-09T19:00:24Z,2021-11-09T19:00:37Z,TRUE,NA,NA,NA,NA,NA,NA
13112846417,410105655,2021-11-09T18:59:23Z,2021-11-09T18:59:31Z,TRUE,NA,NA,NA,NA,NA,NA
13112777740,410105655,2021-11-09T18:38:29Z,2021-11-09T18:40:39Z,TRUE,nonagentive,4,1700,5,19,woman
13112730017,410105655,2021-11-09T18:24:53Z,2021-11-09T18:29:20Z,TRUE,nonagentive,5,1400,5,19,woman
13112731155,410105655,2021-11-09T17:44:21Z,2021-11-09T18:25:20Z,TRUE,NA,NA,NA,NA,NA,NA
13112712446,410105655,2021-11-09T18:19:22Z,2021-11-09T18:19:34Z,TRUE,NA,NA,NA,NA,NA,NA
13112630393,410105655,2021-11-09T17:54:41Z,2021-11-09T17:55:33Z,TRUE,NA,NA,NA,NA,NA,NA
13112617042,410105655,2021-11-09T17:51:02Z,2021-11-09T17:54:50Z,TRUE,agentive,4,1700,4,18,woman
13112602909,410105655,2021-11-09T17:46:44Z,2021-11-09T17:48:50Z,TRUE,nonagentive,2,3000,3,19,man
13112607236,410105655,2021-11-09T17:48:00Z,2021-11-09T17:48:11Z,TRUE,NA,NA,NA,NA,NA,NA
13112572489,410105655,2021-11-09T17:37:35Z,2021-11-09T17:37:48Z,TRUE,NA,NA,NA,NA,NA,NA
13111915345,410105655,2021-11-09T14:05:59Z,2021-11-09T14:09:47Z,TRUE,nonagentive,1,2100,6,21,man
13111915220,410105655,2021-11-09T14:06:23Z,2021-11-09T14:08:21Z,TRUE,nonagentive,2,3400,7,22,woman
13111913408,410105655,2021-11-09T14:05:58Z,2021-11-09T14:07:44Z,TRUE,agentive,2,50,5,21,woman
13111912418,410105655,2021-11-09T14:04:59Z,2021-11-09T14:07:42Z,TRUE,agentive,3,1000,3,21,man
13111912110,410105655,2021-11-09T14:05:28Z,2021-11-09T14:07:41Z,TRUE,nonagentive,2,1700,7,22,woman
13111911717,410105655,2021-11-09T14:05:00Z,2021-11-09T14:07:31Z,TRUE,agentive,2,1000,4,20,woman
13111913846,410105655,2021-11-09T14:06:13Z,2021-11-09T14:07:23Z,TRUE,nonagentive,5,2500,5,20,woman
13111913183,410105655,2021-11-09T14:05:54Z,2021-11-09T14:07:18Z,TRUE,nonagentive,2,500,5,21,woman
13111912319,410105655,2021-11-09T14:05:32Z,2021-11-09T14:07:07Z,TRUE,agentive,2,3400,7,20,woman
13111912926,410105655,2021-11-09T14:05:44Z,2021-11-09T14:07:05Z,TRUE,nonagentive,3,2000,1,20,woman
13111911184,410105655,2021-11-09T14:05:08Z,2021-11-09T14:07:03Z,TRUE,nonagentive,6,2000,6,20,woman
13111911617,410105655,2021-11-09T14:04:56Z,2021-11-09T14:07:02Z,TRUE,nonagentive,6,3000,7,24,woman
13111911535,410105655,2021-11-09T14:05:10Z,2021-11-09T14:06:59Z,TRUE,agentive,3,1400,2,20,woman
13111912801,410105655,2021-11-09T14:05:41Z,2021-11-09T14:06:55Z,TRUE,nonagentive,2,500,7,20,man
13111911818,410105655,2021-11-09T14:05:20Z,2021-11-09T14:06:52Z,TRUE,nonagentive,2,0,4,23,man
13111911488,410105655,2021-11-09T14:05:10Z,2021-11-09T14:06:40Z,TRUE,nonagentive,1,0,4,21,woman
13111911647,410105655,2021-11-09T14:05:18Z,2021-11-09T14:06:37Z,TRUE,nonagentive,4,1900,4,22,man
13111911627,410105655,2021-11-09T14:05:09Z,2021-11-09T14:06:34Z,TRUE,agentive,3,1000,2,20,woman
13111911233,410105655,2021-11-09T14:05:09Z,2021-11-09T14:06:34Z,TRUE,nonagentive,1,0,3,21,woman
13111911503,410105655,2021-11-09T14:05:11Z,2021-11-09T14:06:30Z,TRUE,agentive,4,1500,3,20,woman
13111911094,410105655,2021-11-09T14:04:52Z,2021-11-09T14:06:20Z,TRUE,agentive,2,400,2,22,woman
13111910341,410105655,2021-11-09T14:04:50Z,2021-11-09T14:06:12Z,TRUE,nonagentive,2,40,3,21,woman
13111732646,410105655,2021-11-09T12:43:19Z,2021-11-09T12:44:06Z,TRUE,agentive,2,500,1,20,woman
13111731380,410105655,2021-11-09T12:42:32Z,2021-11-09T12:44:05Z,TRUE,agentive,5,2000,4,25,woman
13111729698,410105655,2021-11-09T12:41:34Z,2021-11-09T12:43:49Z,TRUE,nonagentive,2,0,5,21,woman
13111730113,410105655,2021-11-09T12:41:51Z,2021-11-09T12:43:00Z,TRUE,nonagentive,2,0,4,22,woman
13111728956,410105655,2021-11-09T12:41:24Z,2021-11-09T12:42:57Z,TRUE,agentive,7,3400,7,25,woman
13111727050,410105655,2021-11-09T12:40:14Z,2021-11-09T12:42:27Z,TRUE,agentive,2,1200,4,23,woman
13111727258,410105655,2021-11-09T12:40:30Z,2021-11-09T12:42:21Z,TRUE,agentive,4,1700,5,34,man
13111726749,410105655,2021-11-09T12:40:17Z,2021-11-09T12:42:17Z,TRUE,agentive,3,1500,5,21,woman
13111728578,410105655,2021-11-09T12:41:14Z,2021-11-09T12:42:13Z,TRUE,agentive,5,3300,7,21,woman
13111727664,410105655,2021-11-09T12:40:21Z,2021-11-09T12:42:12Z,TRUE,agentive,6,3400,6,22,woman
13111727251,410105655,2021-11-09T12:40:18Z,2021-11-09T12:42:11Z,TRUE,nonagentive,4,2000,5,21,woman
13111727075,410105655,2021-11-09T12:40:06Z,2021-11-09T12:41:57Z,TRUE,nonagentive,5,3400,4,21,woman
13111726265,410105655,2021-11-09T12:39:57Z,2021-11-09T12:41:54Z,TRUE,agentive,5,2000,6,23,man
13111727070,410105655,2021-11-09T12:40:28Z,2021-11-09T12:41:52Z,TRUE,nonagentive,2,0,6,21,man
13111726828,410105655,2021-11-09T12:40:08Z,2021-11-09T12:41:38Z,TRUE,agentive,3,400,3,23,woman
13111726192,410105655,2021-11-09T12:39:59Z,2021-11-09T12:41:35Z,TRUE,nonagentive,3,1500,4,21,woman
13111726927,410105655,2021-11-09T12:40:22Z,2021-11-09T12:41:25Z,TRUE,agentive,2,3400,2,21,woman
13111727343,410105655,2021-11-09T12:40:13Z,2021-11-09T12:40:42Z,TRUE,NA,NA,NA,NA,NA,NA
13111629326,410105655,2021-11-09T11:48:10Z,2021-11-09T11:48:37Z,TRUE,NA,NA,NA,NA,NA,NA
13111564416,410105655,2021-11-09T11:11:39Z,2021-11-09T11:14:09Z,TRUE,agentive,5,2000,5,22,woman
13111565875,410105655,2021-11-09T11:12:15Z,2021-11-09T11:13:52Z,TRUE,nonagentive,4,1000,6,21,man
13111563192,410105655,2021-11-09T11:10:48Z,2021-11-09T11:13:19Z,TRUE,nonagentive,3,1700,2,22,man
13111564673,410105655,2021-11-09T11:11:39Z,2021-11-09T11:12:47Z,TRUE,agentive,4,1700,5,22,woman
13111564364,410105655,2021-11-09T11:11:38Z,2021-11-09T11:12:42Z,TRUE,agentive,3,1000,1,21,woman
13111561221,410105655,2021-11-09T11:09:47Z,2021-11-09T11:11:58Z,TRUE,nonagentive,5,2000,6,23,man
13111560629,410105655,2021-11-09T11:09:21Z,2021-11-09T11:11:32Z,TRUE,agentive,5,1000,7,22,woman
13111560552,410105655,2021-11-09T11:09:10Z,2021-11-09T11:11:26Z,TRUE,nonagentive,6,3400,5,23,woman
13111560139,410105655,2021-11-09T11:09:09Z,2021-11-09T11:11:10Z,TRUE,nonagentive,3,300,2,23,woman
13111560428,410105655,2021-11-09T11:09:15Z,2021-11-09T11:11:09Z,TRUE,nonagentive,4,3400,7,21,woman
13111559943,410105655,2021-11-09T11:09:06Z,2021-11-09T11:11:05Z,TRUE,agentive,3,1000,4,22,woman
13111559954,410105655,2021-11-09T11:09:00Z,2021-11-09T11:11:05Z,TRUE,agentive,5,2500,3,24,woman
13111560647,410105655,2021-11-09T11:09:23Z,2021-11-09T11:11:00Z,TRUE,nonagentive,2,1700,7,23,woman
13111560847,410105655,2021-11-09T11:09:25Z,2021-11-09T11:10:52Z,TRUE,agentive,4,3400,5,23,woman
13111559993,410105655,2021-11-09T11:09:02Z,2021-11-09T11:10:44Z,TRUE,agentive,5,1000,4,21,woman
13111560029,410105655,2021-11-09T11:09:08Z,2021-11-09T11:10:44Z,TRUE,nonagentive,6,3000,7,22,woman
13111559870,410105655,2021-11-09T11:09:03Z,2021-11-09T11:10:39Z,TRUE,nonagentive,3,1000,5,22,woman
13111559846,410105655,2021-11-09T11:08:57Z,2021-11-09T11:10:35Z,TRUE,agentive,1,0,1,23,woman
13111559856,410105655,2021-11-09T11:09:01Z,2021-11-09T11:10:34Z,TRUE,agentive,4,1700,4,NA,woman
13111560089,410105655,2021-11-09T11:09:08Z,2021-11-09T11:10:27Z,TRUE,nonagentive,2,600,5,21,man
13111559952,410105655,2021-11-09T11:09:02Z,2021-11-09T11:10:20Z,TRUE,agentive,7,1000,7,21,woman
13111559883,410105655,2021-11-09T11:09:04Z,2021-11-09T11:10:15Z,TRUE,agentive,3,3400,5,23,woman
13111403414,410105655,2021-11-09T09:36:19Z,2021-11-09T09:40:11Z,TRUE,agentive,3,500,4,21,woman
13111404597,410105655,2021-11-09T09:37:45Z,2021-11-09T09:39:22Z,TRUE,agentive,5,2000,4,22,woman
13111404793,410105655,2021-11-09T09:37:55Z,2021-11-09T09:39:17Z,TRUE,agentive,3,1200,3,21,woman
13111401329,410105655,2021-11-09T09:35:32Z,2021-11-09T09:39:04Z,TRUE,agentive,2,NA,3,21,woman
13111404172,410105655,2021-11-09T09:36:02Z,2021-11-09T09:38:58Z,TRUE,agentive,5,2200,5,21,woman
13111402609,410105655,2021-11-09T09:36:07Z,2021-11-09T09:38:53Z,TRUE,nonagentive,7,0,6,22,man
13111402388,410105655,2021-11-09T09:36:06Z,2021-11-09T09:38:39Z,TRUE,agentive,2,1000,3,22,woman
13111403591,410105655,2021-11-09T09:36:47Z,2021-11-09T09:38:37Z,TRUE,nonagentive,4,0,5,20,woman
13111402766,410105655,2021-11-09T09:36:25Z,2021-11-09T09:38:36Z,TRUE,agentive,1,0,2,21,woman
13111402170,410105655,2021-11-09T09:35:54Z,2021-11-09T09:38:21Z,TRUE,agentive,2,700,2,20,woman
13111402179,410105655,2021-11-09T09:36:01Z,2021-11-09T09:38:17Z,TRUE,agentive,2,500,2,22,man
13111402275,410105655,2021-11-09T09:35:47Z,2021-11-09T09:38:12Z,TRUE,nonagentive,2,3400,5,20,woman
13111403756,410105655,2021-11-09T09:37:11Z,2021-11-09T09:38:10Z,TRUE,agentive,2,0,5,21,woman
13111402560,410105655,2021-11-09T09:35:47Z,2021-11-09T09:38:10Z,TRUE,nonagentive,3,500,2,20,woman
13111402843,410105655,2021-11-09T09:36:35Z,2021-11-09T09:38:04Z,TRUE,agentive,3,1000,3,22,woman
13111401977,410105655,2021-11-09T09:35:46Z,2021-11-09T09:37:59Z,TRUE,nonagentive,6,3400,5,21,woman
13111401265,410105655,2021-11-09T09:35:22Z,2021-11-09T09:37:57Z,TRUE,nonagentive,2,3400,2,25,woman
13111401758,410105655,2021-11-09T09:36:00Z,2021-11-09T09:37:57Z,TRUE,agentive,4,3400,7,21,man
13111400726,410105655,2021-11-09T09:35:18Z,2021-11-09T09:37:55Z,TRUE,nonagentive,1,0,3,22,woman
13111403376,410105655,2021-11-09T09:36:59Z,2021-11-09T09:37:54Z,TRUE,nonagentive,7,3400,4,21,man
13111402323,410105655,2021-11-09T09:36:05Z,2021-11-09T09:37:52Z,TRUE,nonagentive,4,1700,3,21,woman
13111401716,410105655,2021-11-09T09:35:43Z,2021-11-09T09:37:31Z,TRUE,agentive,1,3400,4,21,woman
13111401800,410105655,2021-11-09T09:35:24Z,2021-11-09T09:37:31Z,TRUE,agentive,7,3400,7,22,woman
13111401524,410105655,2021-11-09T09:35:28Z,2021-11-09T09:37:31Z,TRUE,agentive,4,3400,6,22,woman
13111402059,410105655,2021-11-09T09:36:01Z,2021-11-09T09:37:30Z,TRUE,agentive,4,1700,6,21,woman
13111401500,410105655,2021-11-09T09:35:33Z,2021-11-09T09:37:30Z,TRUE,nonagentive,7,3400,3,20,woman
13111402420,410105655,2021-11-09T09:36:17Z,2021-11-09T09:37:28Z,TRUE,nonagentive,3,1000,6,21,man
13111401411,410105655,2021-11-09T09:35:07Z,2021-11-09T09:37:23Z,TRUE,nonagentive,2,200,1,27,man
13111400532,410105655,2021-11-09T09:35:06Z,2021-11-09T09:37:23Z,TRUE,agentive,1,0,3,31,man
13111401891,410105655,2021-11-09T09:35:53Z,2021-11-09T09:37:18Z,TRUE,agentive,6,2800,7,21,woman
13111401783,410105655,2021-11-09T09:35:54Z,2021-11-09T09:37:16Z,TRUE,agentive,4,1700,7,21,man
13111401622,410105655,2021-11-09T09:35:49Z,2021-11-09T09:37:13Z,TRUE,agentive,7,3400,7,21,man
13111401423,410105655,2021-11-09T09:35:45Z,2021-11-09T09:37:08Z,TRUE,nonagentive,5,3400,4,21,woman
13111401035,410105655,2021-11-09T09:35:31Z,2021-11-09T09:37:01Z,TRUE,nonagentive,2,0,1,22,man
13111401019,410105655,2021-11-09T09:35:21Z,2021-11-09T09:36:48Z,TRUE,nonagentive,1,3000,2,21,woman
13111400654,410105655,2021-11-09T09:35:05Z,2021-11-09T09:36:46Z,TRUE,nonagentive,2,200,1,21,woman
13111400565,410105655,2021-11-09T09:34:57Z,2021-11-09T09:36:44Z,TRUE,agentive,3,1000,2,22,woman
13111400506,410105655,2021-11-09T09:35:10Z,2021-11-09T09:36:43Z,TRUE,agentive,3,1000,3,22,woman
13111400392,410105655,2021-11-09T09:34:56Z,2021-11-09T09:36:30Z,TRUE,nonagentive,3,3400,4,22,woman
13111400456,410105655,2021-11-09T09:35:06Z,2021-11-09T09:36:21Z,TRUE,nonagentive,1,0,3,21,woman
13111400045,410105655,2021-11-09T09:34:55Z,2021-11-09T09:36:14Z,TRUE,agentive,5,1500,5,22,woman
13111399882,410105655,2021-11-09T09:34:44Z,2021-11-09T09:36:14Z,TRUE,nonagentive,5,1700,6,22,woman
13111274808,410105655,2021-11-09T08:07:39Z,2021-11-09T08:09:14Z,TRUE,nonagentive,4,3400,4,23,woman
13111273560,410105655,2021-11-09T08:06:41Z,2021-11-09T08:09:14Z,TRUE,agentive,3,1700,7,22,man
13111274511,410105655,2021-11-09T08:07:35Z,2021-11-09T08:09:11Z,TRUE,nonagentive,3,3400,1,21,woman
13111274296,410105655,2021-11-09T08:06:48Z,2021-11-09T08:08:57Z,TRUE,nonagentive,4,3400,4,22,woman
13111274092,410105655,2021-11-09T08:07:18Z,2021-11-09T08:08:51Z,TRUE,agentive,3,1700,4,22,woman
13111273503,410105655,2021-11-09T08:06:49Z,2021-11-09T08:08:45Z,TRUE,agentive,4,3400,6,22,woman
13111274139,410105655,2021-11-09T08:07:15Z,2021-11-09T08:08:40Z,TRUE,nonagentive,5,1500,5,NA,woman
13111273741,410105655,2021-11-09T08:06:21Z,2021-11-09T08:08:33Z,TRUE,nonagentive,1,0,1,21,woman
13111273401,410105655,2021-11-09T08:06:30Z,2021-11-09T08:08:32Z,TRUE,agentive,6,3000,7,24,woman
13111273043,410105655,2021-11-09T08:06:18Z,2021-11-09T08:08:32Z,TRUE,nonagentive,4,1700,6,22,woman
13111273192,410105655,2021-11-09T08:06:34Z,2021-11-09T08:08:31Z,TRUE,agentive,4,3000,7,21,woman
13111273372,410105655,2021-11-09T08:06:42Z,2021-11-09T08:08:24Z,TRUE,nonagentive,5,1700,5,22,man
13111272756,410105655,2021-11-09T08:06:11Z,2021-11-09T08:08:13Z,TRUE,nonagentive,3,1000,4,22,woman
13111272775,410105655,2021-11-09T08:06:21Z,2021-11-09T08:08:12Z,TRUE,nonagentive,5,3400,4,22,man
13111273110,410105655,2021-11-09T08:06:29Z,2021-11-09T08:08:08Z,TRUE,agentive,2,0,3,22,woman
13111272833,410105655,2021-11-09T08:06:05Z,2021-11-09T08:08:01Z,TRUE,nonagentive,7,3400,7,24,woman
13111273045,410105655,2021-11-09T08:06:08Z,2021-11-09T08:08:00Z,TRUE,agentive,5,2000,6,23,woman
13111272673,410105655,2021-11-09T08:06:13Z,2021-11-09T08:07:50Z,TRUE,agentive,1,0,6,22,woman
13111272726,410105655,2021-11-09T08:06:13Z,2021-11-09T08:07:44Z,TRUE,nonagentive,6,3000,7,21,woman
13111272797,410105655,2021-11-09T08:06:20Z,2021-11-09T08:07:40Z,TRUE,agentive,4,1700,5,24,woman
13111272817,410105655,2021-11-09T08:06:23Z,2021-11-09T08:07:37Z,TRUE,agentive,4,2000,4,21,woman
13108773918,410105655,2021-11-08T14:42:59Z,2021-11-08T14:43:13Z,TRUE,NA,NA,NA,NA,NA,NA
13108732673,410105655,2021-11-08T14:26:47Z,2021-11-08T14:30:16Z,TRUE,agentive,2,0,4,21,woman
13108732987,410105655,2021-11-08T14:27:35Z,2021-11-08T14:30:10Z,TRUE,agentive,4,2000,5,20,woman
13108734347,410105655,2021-11-08T14:28:31Z,2021-11-08T14:29:28Z,TRUE,agentive,5,3000,4,24,woman
13108733005,410105655,2021-11-08T14:27:51Z,2021-11-08T14:29:28Z,TRUE,nonagentive,4,3400,7,20,woman
13108734165,410105655,2021-11-08T14:28:21Z,2021-11-08T14:29:22Z,TRUE,nonagentive,5,3400,3,19,woman
13108731580,410105655,2021-11-08T14:27:08Z,2021-11-08T14:29:15Z,TRUE,agentive,5,3400,3,19,woman
13108731000,410105655,2021-11-08T14:26:53Z,2021-11-08T14:29:13Z,TRUE,nonagentive,5,1500,7,21,man
13108729624,410105655,2021-11-08T14:26:12Z,2021-11-08T14:29:12Z,TRUE,agentive,5,3400,1,19,man
13108732855,410105655,2021-11-08T14:27:55Z,2021-11-08T14:29:09Z,TRUE,agentive,2,500,4,20,woman
13108731665,410105655,2021-11-08T14:27:09Z,2021-11-08T14:29:04Z,TRUE,agentive,5,1700,5,20,woman
13108730577,410105655,2021-11-08T14:27:04Z,2021-11-08T14:29:04Z,TRUE,agentive,7,2000,6,21,man
13108732518,410105655,2021-11-08T14:27:45Z,2021-11-08T14:29:04Z,TRUE,nonagentive,2,200,4,22,woman
13108731165,410105655,2021-11-08T14:27:15Z,2021-11-08T14:29:00Z,TRUE,agentive,2,1000,3,20,woman
13108731067,410105655,2021-11-08T14:26:46Z,2021-11-08T14:29:00Z,TRUE,nonagentive,2,971.43,3,20,man
13108730321,410105655,2021-11-08T14:26:47Z,2021-11-08T14:28:59Z,TRUE,agentive,3,3400,7,19,woman
13108730685,410105655,2021-11-08T14:26:38Z,2021-11-08T14:28:59Z,TRUE,nonagentive,3,3000,2,21,man
13108730911,410105655,2021-11-08T14:26:47Z,2021-11-08T14:28:54Z,TRUE,nonagentive,3,0,3,20,woman
13108729991,410105655,2021-11-08T14:26:34Z,2021-11-08T14:28:53Z,TRUE,agentive,3,500,2,20,woman
13108730335,410105655,2021-11-08T14:26:48Z,2021-11-08T14:28:52Z,TRUE,nonagentive,4,1700,4,24,woman
13108730479,410105655,2021-11-08T14:26:48Z,2021-11-08T14:28:49Z,TRUE,agentive,3,2000,4,20,woman
13108731765,410105655,2021-11-08T14:27:26Z,2021-11-08T14:28:48Z,TRUE,agentive,4,3400,5,19,woman
13108729746,410105655,2021-11-08T14:26:24Z,2021-11-08T14:28:45Z,TRUE,nonagentive,5,3400,3,20,woman
13108730400,410105655,2021-11-08T14:26:35Z,2021-11-08T14:28:42Z,TRUE,agentive,2,1300,5,21,woman
13108728310,410105655,2021-11-08T14:26:07Z,2021-11-08T14:28:40Z,TRUE,agentive,3,700,5,20,woman
13108730798,410105655,2021-11-08T14:26:48Z,2021-11-08T14:28:40Z,TRUE,nonagentive,3,1700,3,20,woman
13108730222,410105655,2021-11-08T14:26:44Z,2021-11-08T14:28:38Z,TRUE,agentive,2,1000,7,20,woman
13108728591,410105655,2021-11-08T14:26:18Z,2021-11-08T14:28:38Z,TRUE,nonagentive,4,2890,4,19,woman
13108731638,410105655,2021-11-08T14:27:22Z,2021-11-08T14:28:38Z,TRUE,nonagentive,5,2500,5,19,woman
13108729562,410105655,2021-11-08T14:26:36Z,2021-11-08T14:28:30Z,TRUE,nonagentive,5,1700,2,20,woman
13108731538,410105655,2021-11-08T14:27:23Z,2021-11-08T14:28:24Z,TRUE,agentive,7,3400,7,21,woman
13108730304,410105655,2021-11-08T14:26:21Z,2021-11-08T14:28:24Z,TRUE,agentive,6,1700,7,20,woman
13108730346,410105655,2021-11-08T14:26:53Z,2021-11-08T14:28:23Z,TRUE,agentive,4,1700,7,19,woman
13108730416,410105655,2021-11-08T14:26:54Z,2021-11-08T14:28:20Z,TRUE,agentive,3,3400,6,23,man
13108728846,410105655,2021-11-08T14:26:16Z,2021-11-08T14:28:20Z,TRUE,agentive,5,1000,2,21,woman
13108729322,410105655,2021-11-08T14:26:29Z,2021-11-08T14:28:16Z,TRUE,nonagentive,5,3400,3,19,woman
13108728943,410105655,2021-11-08T14:26:28Z,2021-11-08T14:28:16Z,TRUE,agentive,5,1700,6,20,woman
13108729178,410105655,2021-11-08T14:26:22Z,2021-11-08T14:28:14Z,TRUE,nonagentive,3,1700,4,23,man
13108730308,410105655,2021-11-08T14:26:47Z,2021-11-08T14:28:10Z,TRUE,nonagentive,2,1700,7,19,man
13108729353,410105655,2021-11-08T14:26:34Z,2021-11-08T14:28:10Z,TRUE,nonagentive,5,2000,6,20,woman
13108729520,410105655,2021-11-08T14:26:38Z,2021-11-08T14:28:08Z,TRUE,agentive,3,1000,4,19,woman
13108730131,410105655,2021-11-08T14:26:42Z,2021-11-08T14:28:07Z,TRUE,nonagentive,1,0,4,20,woman
13108729908,410105655,2021-11-08T14:26:36Z,2021-11-08T14:28:07Z,TRUE,nonagentive,6,3400,6,20,woman
13108729412,410105655,2021-11-08T14:26:31Z,2021-11-08T14:28:06Z,TRUE,agentive,5,1700,5,20,woman
13108729185,410105655,2021-11-08T14:26:29Z,2021-11-08T14:28:05Z,TRUE,agentive,5,2500,6,20,woman
13108729096,410105655,2021-11-08T14:26:30Z,2021-11-08T14:28:05Z,TRUE,nonagentive,6,3400,3,19,woman
13108729312,410105655,2021-11-08T14:26:28Z,2021-11-08T14:28:04Z,TRUE,agentive,4,1700,5,20,woman
13108728974,410105655,2021-11-08T14:26:19Z,2021-11-08T14:28:03Z,TRUE,nonagentive,3,1700,5,20,woman
13108729126,410105655,2021-11-08T14:26:33Z,2021-11-08T14:27:58Z,TRUE,nonagentive,1,0,3,21,man
13108729516,410105655,2021-11-08T14:26:41Z,2021-11-08T14:27:55Z,TRUE,nonagentive,5,1700,3,19,man
13108728872,410105655,2021-11-08T14:26:19Z,2021-11-08T14:27:53Z,TRUE,nonagentive,3,0,3,20,woman
13108728882,410105655,2021-11-08T14:26:27Z,2021-11-08T14:27:52Z,TRUE,nonagentive,2,1000,3,19,woman
13108728695,410105655,2021-11-08T14:26:21Z,2021-11-08T14:27:52Z,TRUE,agentive,4,0,7,19,man
13108729238,410105655,2021-11-08T14:26:15Z,2021-11-08T14:27:49Z,TRUE,agentive,4,1700,5,19,woman
13108729206,410105655,2021-11-08T14:26:30Z,2021-11-08T14:27:48Z,TRUE,nonagentive,4,3400,4,19,woman
13108728508,410105655,2021-11-08T14:26:16Z,2021-11-08T14:27:45Z,TRUE,nonagentive,4,500,5,19,woman
13108728224,410105655,2021-11-08T14:26:14Z,2021-11-08T14:27:44Z,TRUE,nonagentive,4,1700,7,19,man
13108729324,410105655,2021-11-08T14:26:33Z,2021-11-08T14:27:40Z,TRUE,nonagentive,2,1700,4,21,woman
13108728175,410105655,2021-11-08T14:26:09Z,2021-11-08T14:27:39Z,TRUE,nonagentive,3,1000,5,20,woman
13108728998,410105655,2021-11-08T14:26:18Z,2021-11-08T14:27:33Z,TRUE,agentive,3,3400,6,21,woman
13108729229,410105655,2021-11-08T14:26:37Z,2021-11-08T14:27:32Z,TRUE,agentive,2,3400,3,19,woman
13108728325,410105655,2021-11-08T14:26:11Z,2021-11-08T14:27:23Z,TRUE,nonagentive,6,3400,6,19,man
13108692783,410105655,2021-11-08T14:11:42Z,2021-11-08T14:13:59Z,TRUE,nonagentive,3,1700,3,22,woman
13108560861,410105655,2021-11-08T13:12:59Z,2021-11-08T13:15:58Z,TRUE,nonagentive,3,3400,2,21,woman
13108321473,410105655,2021-11-08T09:55:45Z,2021-11-08T10:58:49Z,TRUE,agentive,4,1000,3,25,woman
13108218733,410105655,2021-11-08T09:39:09Z,2021-11-08T09:57:18Z,TRUE,agentive,6,3400,4,23,man
13108192554,410105655,2021-11-08T09:38:25Z,2021-11-08T09:42:07Z,TRUE,agentive,2,500,4,25,woman
13108195238,410105655,2021-11-08T09:40:00Z,2021-11-08T09:41:59Z,TRUE,nonagentive,3,1000,2,23,woman
13108194739,410105655,2021-11-08T09:39:37Z,2021-11-08T09:41:56Z,TRUE,agentive,5,2000,7,23,man
13108193300,410105655,2021-11-08T09:38:42Z,2021-11-08T09:41:48Z,TRUE,nonagentive,2,100,3,23,woman
13108194381,410105655,2021-11-08T09:38:43Z,2021-11-08T09:41:35Z,TRUE,agentive,2,0,2,23,woman
13108192855,410105655,2021-11-08T09:38:30Z,2021-11-08T09:41:30Z,TRUE,nonagentive,4,2400,5,22,woman
13108192982,410105655,2021-11-08T09:38:35Z,2021-11-08T09:41:26Z,TRUE,nonagentive,4,1700,4,24,woman
13108192907,410105655,2021-11-08T09:38:39Z,2021-11-08T09:41:16Z,TRUE,agentive,3,0,6,23,woman
13108193150,410105655,2021-11-08T09:38:39Z,2021-11-08T09:41:08Z,TRUE,agentive,5,3400,1,25,man
13108193399,410105655,2021-11-08T09:38:46Z,2021-11-08T09:41:08Z,TRUE,nonagentive,3,1000,3,22,woman
13108192661,410105655,2021-11-08T09:38:39Z,2021-11-08T09:41:01Z,TRUE,agentive,1,0,5,23,woman
13108193412,410105655,2021-11-08T09:38:45Z,2021-11-08T09:40:59Z,TRUE,nonagentive,5,0,7,23,woman
13108192957,410105655,2021-11-08T09:38:40Z,2021-11-08T09:40:57Z,TRUE,agentive,5,2000,4,23,woman
13108192775,410105655,2021-11-08T09:38:34Z,2021-11-08T09:40:55Z,TRUE,nonagentive,2,3400,5,23,woman
13108193195,410105655,2021-11-08T09:38:40Z,2021-11-08T09:40:49Z,TRUE,agentive,4,1700,3,24,woman
13108193314,410105655,2021-11-08T09:38:53Z,2021-11-08T09:40:46Z,TRUE,nonagentive,4,1700,5,22,woman
13108192829,410105655,2021-11-08T09:38:25Z,2021-11-08T09:40:39Z,TRUE,nonagentive,4,3400,4,23,woman
13108192808,410105655,2021-11-08T09:38:28Z,2021-11-08T09:40:39Z,TRUE,agentive,2,0,3,24,man
13108193109,410105655,2021-11-08T09:38:27Z,2021-11-08T09:40:34Z,TRUE,nonagentive,6,3400,7,24,man
13108193420,410105655,2021-11-08T09:38:46Z,2021-11-08T09:40:31Z,TRUE,nonagentive,4,3400,4,22,man
13108192171,410105655,2021-11-08T09:38:24Z,2021-11-08T09:40:25Z,TRUE,agentive,5,1400,6,23,woman
13108192647,410105655,2021-11-08T09:38:32Z,2021-11-08T09:40:15Z,TRUE,agentive,6,2550,6,23,woman
13108192881,410105655,2021-11-08T09:38:37Z,2021-11-08T09:40:10Z,TRUE,agentive,2,0,5,28,woman
13108192645,410105655,2021-11-08T09:38:29Z,2021-11-08T09:40:09Z,TRUE,agentive,6,3400,6,24,woman
13108192417,410105655,2021-11-08T09:38:35Z,2021-11-08T09:40:01Z,TRUE,nonagentive,2,200,4,23,man
13108192162,410105655,2021-11-08T09:38:15Z,2021-11-08T09:40:01Z,TRUE,nonagentive,5,2800,6,22,woman
13108192596,410105655,2021-11-08T09:38:35Z,2021-11-08T09:39:53Z,TRUE,agentive,6,3000,5,23,woman
13108192735,410105655,2021-11-08T09:38:38Z,2021-11-08T09:39:51Z,TRUE,nonagentive,5,2800,6,24,man
13108192396,410105655,2021-11-08T09:38:26Z,2021-11-08T09:39:42Z,TRUE,agentive,7,3400,6,25,man
13108192090,410105655,2021-11-08T09:38:17Z,2021-11-08T09:39:41Z,TRUE,agentive,4,1700,5,24,man
13108191849,410105655,2021-11-08T09:38:11Z,2021-11-08T09:39:41Z,TRUE,nonagentive,3,1500,3,23,woman
13108192117,410105655,2021-11-08T09:38:19Z,2021-11-08T09:39:27Z,TRUE,agentive,3,1700,3,23,woman
13108191884,410105655,2021-11-08T09:38:12Z,2021-11-08T09:39:15Z,TRUE,nonagentive,5,3400,5,22,woman
13108192257,410105655,2021-11-08T09:38:17Z,2021-11-08T09:38:34Z,TRUE,NA,NA,NA,NA,NA,NA
13104751561,410105655,2021-11-06T00:08:23Z,2021-11-06T00:11:59Z,TRUE,nonagentive,4,2000,7,23,woman
13099720210,410105655,2021-11-04T12:36:42Z,2021-11-04T12:39:41Z,TRUE,agentive,5,800,5,24,man
13099720887,410105655,2021-11-04T12:37:38Z,2021-11-04T12:39:00Z,TRUE,agentive,2,1700,5,22,woman
13099718515,410105655,2021-11-04T12:36:26Z,2021-11-04T12:38:39Z,TRUE,agentive,5,2500,5,23,man
13099719502,410105655,2021-11-04T12:36:28Z,2021-11-04T12:38:25Z,TRUE,agentive,3,NA,3,27,woman
13099718716,410105655,2021-11-04T12:36:22Z,2021-11-04T12:38:08Z,TRUE,nonagentive,5,NA,6,23,man
13099719296,410105655,2021-11-04T12:36:43Z,2021-11-04T12:38:01Z,TRUE,agentive,2,500,3,22,man
13099718670,410105655,2021-11-04T12:36:14Z,2021-11-04T12:37:56Z,TRUE,agentive,4,1700,4,22,man
13099720560,410105655,2021-11-04T12:37:27Z,2021-11-04T12:37:33Z,TRUE,NA,NA,NA,NA,NA,NA
13099619839,410105655,2021-11-04T11:44:29Z,2021-11-04T11:44:37Z,TRUE,NA,NA,NA,NA,NA,NA
13096074122,410105655,2021-11-03T08:25:36Z,2021-11-03T08:26:57Z,TRUE,nonagentive,2,0,5,20,woman
13093333954,410105655,2021-11-02T13:08:10Z,2021-11-02T13:12:08Z,TRUE,nonagentive,5,2500,5,22,man
13093219064,410105655,2021-11-02T12:18:21Z,2021-11-02T12:19:06Z,TRUE,NA,NA,NA,NA,NA,NA
13093121697,410105655,2021-11-02T11:29:51Z,2021-11-02T11:31:59Z,TRUE,nonagentive,3,1700,5,24,woman
13093121611,410105655,2021-11-02T11:29:29Z,2021-11-02T11:31:43Z,TRUE,nonagentive,2,NA,6,20,woman
13093121022,410105655,2021-11-02T11:29:38Z,2021-11-02T11:31:43Z,TRUE,nonagentive,5,2900,6,23,woman
13093121817,410105655,2021-11-02T11:30:07Z,2021-11-02T11:31:38Z,TRUE,agentive,4,1700,5,19,woman
13093121384,410105655,2021-11-02T11:29:11Z,2021-11-02T11:31:23Z,TRUE,agentive,5,3400,3,19,woman
13093121484,410105655,2021-11-02T11:29:19Z,2021-11-02T11:31:21Z,TRUE,nonagentive,4,2500,4,20,woman
13093120875,410105655,2021-11-02T11:29:27Z,2021-11-02T11:31:18Z,TRUE,agentive,3,0,4,22,woman
13093121660,410105655,2021-11-02T11:29:55Z,2021-11-02T11:31:15Z,TRUE,nonagentive,6,2800,6,20,woman
13093120486,410105655,2021-11-02T11:29:07Z,2021-11-02T11:31:06Z,TRUE,nonagentive,2,400,3,20,woman
13093120369,410105655,2021-11-02T11:29:05Z,2021-11-02T11:31:02Z,TRUE,agentive,4,1200,4,19,man
13093120562,410105655,2021-11-02T11:29:03Z,2021-11-02T11:31:01Z,TRUE,agentive,2,250,2,19,woman
13093121440,410105655,2021-11-02T11:29:43Z,2021-11-02T11:30:58Z,TRUE,nonagentive,4,3400,7,19,woman
13093120869,410105655,2021-11-02T11:29:28Z,2021-11-02T11:30:54Z,TRUE,agentive,7,3400,6,20,woman
13093120460,410105655,2021-11-02T11:29:11Z,2021-11-02T11:30:32Z,TRUE,nonagentive,7,3400,7,20,woman
13093119637,410105655,2021-11-02T11:28:48Z,2021-11-02T11:28:56Z,TRUE,NA,NA,NA,NA,NA,NA
13091541719,410105655,2021-11-01T20:35:03Z,2021-11-01T20:36:41Z,TRUE,agentive,1,0,3,21,woman
13091027108,410105655,2021-11-01T17:31:51Z,2021-11-01T17:57:49Z,TRUE,agentive,6,2900,6,21,woman
13090703899,410105655,2021-11-01T15:43:23Z,2021-11-01T15:46:13Z,TRUE,nonagentive,2,3400,1,19,woman
13090399605,410105655,2021-11-01T13:52:27Z,2021-11-01T13:52:39Z,TRUE,NA,NA,NA,NA,NA,NA
13088785369,410105655,2021-10-31T15:23:57Z,2021-10-31T15:26:28Z,TRUE,agentive,5,2700,6,20,woman
13088679928,410105655,2021-10-31T13:37:11Z,2021-10-31T13:39:03Z,TRUE,agentive,5,3000,4,19,woman
13087387538,410105655,2021-10-30T14:35:27Z,2021-10-30T14:36:21Z,TRUE,nonagentive,5,NA,NA,NA,NA
13087268499,410105655,2021-10-30T12:42:09Z,2021-10-30T12:45:09Z,TRUE,agentive,6,3400,7,21,man
13086367339,410105655,2021-10-29T23:50:13Z,2021-10-29T23:50:30Z,TRUE,NA,NA,NA,NA,NA,NA
13085618093,410105655,2021-10-29T18:49:08Z,2021-10-29T18:50:17Z,TRUE,agentive,1,0,4,21,man
13085455375,410105655,2021-10-29T17:53:36Z,2021-10-29T17:55:45Z,TRUE,nonagentive,4,1700,6,19,woman
13085412010,410105655,2021-10-29T17:39:03Z,2021-10-29T17:40:05Z,TRUE,agentive,7,3400,6,20,woman
13085392845,410105655,2021-10-29T17:32:36Z,2021-10-29T17:37:26Z,TRUE,agentive,6,3000,6,19,woman
13085403456,410105655,2021-10-29T17:36:11Z,2021-10-29T17:36:22Z,TRUE,NA,NA,NA,NA,NA,NA
13085365172,410105655,2021-10-29T17:23:23Z,2021-10-29T17:25:20Z,TRUE,agentive,4,2000,5,21,man
13085323191,410105655,2021-10-29T17:10:03Z,2021-10-29T17:12:02Z,TRUE,agentive,4,1500,5,19,woman
13084357484,410105655,2021-10-29T10:22:24Z,2021-10-29T10:24:42Z,TRUE,agentive,7,3000,7,29,do not want to disclose
13084266844,410105655,2021-10-29T09:26:21Z,2021-10-29T09:29:21Z,TRUE,nonagentive,6,3000,7,22,woman
13083255043,410105655,2021-10-29T01:30:55Z,2021-10-29T01:33:05Z,TRUE,nonagentive,7,3400,6,19,woman
13083243538,410105655,2021-10-28T16:58:37Z,2021-10-29T01:28:47Z,TRUE,agentive,3,400,5,22,woman
13082909768,410105655,2021-10-28T23:33:56Z,2021-10-28T23:39:27Z,TRUE,nonagentive,3,1700,5,22,woman
13082868748,410105655,2021-10-28T23:20:06Z,2021-10-28T23:21:10Z,TRUE,nonagentive,1,0,2,23,woman
13082829455,410105655,2021-10-28T23:05:28Z,2021-10-28T23:07:29Z,TRUE,agentive,1,0,1,26,woman
13082658145,410105655,2021-10-28T22:05:15Z,2021-10-28T22:08:54Z,TRUE,nonagentive,1,0,1,23,man
13082494778,410105655,2021-10-28T21:11:41Z,2021-10-28T21:12:03Z,TRUE,NA,NA,NA,NA,NA,NA
13082453513,410105655,2021-10-28T21:01:00Z,2021-10-28T21:03:19Z,TRUE,agentive,6,3400,6,23,woman
13082338339,410105655,2021-10-28T20:18:11Z,2021-10-28T20:23:50Z,TRUE,nonagentive,2,1500,2,24,woman
13082344725,410105655,2021-10-28T20:20:53Z,2021-10-28T20:23:31Z,TRUE,nonagentive,4,2000,2,21,woman
13082332061,410105655,2021-10-28T20:16:02Z,2021-10-28T20:19:01Z,TRUE,agentive,5,3400,4,22,woman
13082265439,410105655,2021-10-28T19:52:09Z,2021-10-28T19:53:50Z,TRUE,agentive,3,0,7,40,woman
13082231462,410105655,2021-10-28T19:39:45Z,2021-10-28T19:39:51Z,TRUE,NA,NA,NA,NA,NA,NA
13082140748,410105655,2021-10-28T19:07:08Z,2021-10-28T19:09:25Z,TRUE,nonagentive,7,3400,7,23,man
13082131645,410105655,2021-10-28T19:04:13Z,2021-10-28T19:06:27Z,TRUE,nonagentive,3,0,4,23,woman
13082086811,410105655,2021-10-28T18:47:19Z,2021-10-28T18:54:11Z,TRUE,agentive,5,2500,7,31,do not want to disclose
13082060347,410105655,2021-10-28T18:40:24Z,2021-10-28T18:40:57Z,TRUE,NA,NA,NA,NA,NA,NA
13082036801,410105655,2021-10-28T18:32:41Z,2021-10-28T18:35:13Z,TRUE,agentive,4,2000,3,22,woman
13082030531,410105655,2021-10-28T18:31:02Z,2021-10-28T18:31:15Z,TRUE,NA,NA,NA,NA,NA,NA
13081928809,410105655,2021-10-28T17:57:30Z,2021-10-28T17:59:30Z,TRUE,agentive,1,0,7,24,woman
13081849225,410105655,2021-10-28T17:31:26Z,2021-10-28T17:35:20Z,TRUE,agentive,6,3400,3,20,man
13081823655,410105655,2021-10-28T17:23:58Z,2021-10-28T17:26:21Z,TRUE,nonagentive,4,1700,7,22,woman
13081790654,410105655,2021-10-28T17:13:31Z,2021-10-28T17:15:20Z,TRUE,agentive,3,3400,3,24,woman
13081770280,410105655,2021-10-28T17:06:46Z,2021-10-28T17:10:25Z,TRUE,nonagentive,2,1500,4,21,man
13081756457,410105655,2021-10-28T17:02:53Z,2021-10-28T17:04:34Z,TRUE,nonagentive,7,3400,7,25,woman
13081732543,410105655,2021-10-28T16:55:12Z,2021-10-28T16:57:33Z,TRUE,nonagentive,6,3000,7,21,woman
13080787990,410105655,2021-10-28T10:05:06Z,2021-10-28T10:07:47Z,TRUE,nonagentive,5,3400,6,21,woman
13078515372,410105655,2021-10-27T18:30:23Z,2021-10-27T18:30:47Z,TRUE,NA,NA,NA,NA,NA,NA
13078297330,410105655,2021-10-27T17:27:43Z,2021-10-27T17:31:35Z,TRUE,agentive,5,2500,5,21,woman
13078262432,410105655,2021-10-27T17:17:21Z,2021-10-27T17:21:06Z,TRUE,nonagentive,5,2400,7,18,woman
13078209364,410105655,2021-10-27T17:01:41Z,2021-10-27T17:02:38Z,TRUE,agentive,4,1700,5,21,woman
13077693554,410105655,2021-10-27T14:10:13Z,2021-10-27T14:12:03Z,TRUE,agentive,3,1700,7,21,woman
13077693988,410105655,2021-10-27T14:10:23Z,2021-10-27T14:11:58Z,TRUE,nonagentive,3,700,4,20,woman
13077693863,410105655,2021-10-27T14:10:15Z,2021-10-27T14:11:54Z,TRUE,agentive,2,NA,5,21,woman
13077691632,410105655,2021-10-27T14:09:43Z,2021-10-27T14:11:15Z,TRUE,nonagentive,3,2000,6,20,woman
13077691543,410105655,2021-10-27T14:09:45Z,2021-10-27T14:11:05Z,TRUE,agentive,4,1700,4,21,woman
13077694253,410105655,2021-10-27T14:10:39Z,2021-10-27T14:10:53Z,TRUE,NA,NA,NA,NA,NA,NA
13077693832,410105655,2021-10-27T14:10:33Z,2021-10-27T14:10:42Z,TRUE,NA,NA,NA,NA,NA,NA
13077693403,410105655,2021-10-27T14:10:24Z,2021-10-27T14:10:32Z,TRUE,NA,NA,NA,NA,NA,NA
13077691429,410105655,2021-10-27T14:09:42Z,2021-10-27T14:10:21Z,TRUE,nonagentive,3,1133.33333333333,3,21,woman
13077692033,410105655,2021-10-27T14:09:52Z,2021-10-27T14:10:02Z,TRUE,NA,NA,NA,NA,NA,NA
13077160071,410105655,2021-10-27T09:58:52Z,2021-10-27T13:19:55Z,TRUE,agentive,7,3400,7,20,woman
13077379264,410105655,2021-10-27T11:46:31Z,2021-10-27T11:48:32Z,TRUE,agentive,3,3400,3,20,woman
13077319850,410105655,2021-10-27T11:16:32Z,2021-10-27T11:17:59Z,TRUE,agentive,5,3400,5,20,man
13077152571,410105655,2021-10-27T09:54:24Z,2021-10-27T09:56:19Z,TRUE,agentive,5,3400,3,20,woman
13077052950,410105655,2021-10-27T08:52:29Z,2021-10-27T08:56:12Z,TRUE,nonagentive,5,0,5,21,man
13075769222,410105655,2021-10-26T23:30:47Z,2021-10-26T23:33:18Z,TRUE,agentive,6,3400,7,20,woman
13075738734,410105655,2021-10-26T23:18:58Z,2021-10-26T23:19:54Z,TRUE,nonagentive,5,3400,7,20,woman
13075701176,410105655,2021-10-26T23:04:32Z,2021-10-26T23:06:25Z,TRUE,agentive,5,2000,6,20,man
13075575295,410105655,2021-10-26T22:19:17Z,2021-10-26T22:19:26Z,TRUE,NA,NA,NA,NA,NA,NA
13075559126,410105655,2021-10-26T22:13:45Z,2021-10-26T22:15:19Z,TRUE,agentive,1,0,3,20,woman
13075419615,410105655,2021-10-26T21:27:41Z,2021-10-26T21:28:49Z,TRUE,agentive,4,1500,3,21,man
13075364196,410105655,2021-10-26T21:10:24Z,2021-10-26T21:11:25Z,TRUE,nonagentive,3,1700,4,21,woman
13075310905,410105655,2021-10-26T20:52:18Z,2021-10-26T20:53:55Z,TRUE,nonagentive,1,0,6,21,woman
13075288073,410105655,2021-10-26T20:44:10Z,2021-10-26T20:44:22Z,TRUE,NA,NA,NA,NA,NA,NA
13075270559,410105655,2021-10-26T20:37:58Z,2021-10-26T20:39:20Z,TRUE,nonagentive,7,3400,7,20,woman
13074677237,410105655,2021-10-26T17:29:16Z,2021-10-26T17:29:22Z,TRUE,NA,NA,NA,NA,NA,NA
13074587364,410105655,2021-10-26T17:00:53Z,2021-10-26T17:16:48Z,TRUE,nonagentive,4,3400,4,20,woman
13074617108,410105655,2021-10-26T17:05:52Z,2021-10-26T17:11:32Z,TRUE,nonagentive,4,1800,6,19,woman
13074607359,410105655,2021-10-26T17:06:46Z,2021-10-26T17:08:21Z,TRUE,nonagentive,5,2700,6,20,woman
13074590129,410105655,2021-10-26T17:01:38Z,2021-10-26T17:03:42Z,TRUE,agentive,3,1700,4,21,man
13074569692,410105655,2021-10-26T16:55:26Z,2021-10-26T16:59:25Z,TRUE,nonagentive,3,0,3,19,woman
13074526602,410105655,2021-10-26T16:42:04Z,2021-10-26T16:42:49Z,TRUE,agentive,7,3400,7,20,man
13074479722,410105655,2021-10-26T16:27:02Z,2021-10-26T16:29:54Z,TRUE,nonagentive,6,1700,7,21,man
13074447701,410105655,2021-10-26T16:16:08Z,2021-10-26T16:19:15Z,TRUE,nonagentive,5,2500,6,27,woman
13074252803,410105655,2021-10-26T15:13:24Z,2021-10-26T15:13:36Z,TRUE,NA,NA,NA,NA,NA,NA
13074171189,410105655,2021-10-26T14:44:34Z,2021-10-26T14:44:44Z,TRUE,NA,NA,NA,NA,NA,NA
13074018654,410105655,2021-10-26T13:42:19Z,2021-10-26T13:42:41Z,TRUE,NA,NA,NA,NA,NA,NA
13073887029,410105655,2021-10-26T12:41:52Z,2021-10-26T12:42:10Z,TRUE,NA,NA,NA,NA,NA,NA
13073720182,410105655,2021-10-26T11:19:45Z,2021-10-26T12:32:19Z,TRUE,agentive,7,3400,4,20,man
13073716406,410105655,2021-10-26T11:17:17Z,2021-10-26T11:20:02Z,TRUE,nonagentive,6,3400,5,19,man
13073714633,410105655,2021-10-26T11:16:52Z,2021-10-26T11:19:10Z,TRUE,agentive,3,3400,4,19,woman
13073713369,410105655,2021-10-26T11:16:05Z,2021-10-26T11:18:13Z,TRUE,agentive,3,500,3,19,man
13073713830,410105655,2021-10-26T11:16:21Z,2021-10-26T11:18:11Z,TRUE,nonagentive,1,NA,2,18,woman
13073713397,410105655,2021-10-26T11:16:12Z,2021-10-26T11:17:59Z,TRUE,nonagentive,3,1500,2,19,woman
13073713872,410105655,2021-10-26T11:16:29Z,2021-10-26T11:16:37Z,TRUE,NA,NA,NA,NA,NA,NA
13073713736,410105655,2021-10-26T11:16:23Z,2021-10-26T11:16:32Z,TRUE,NA,NA,NA,NA,NA,NA
13073713509,410105655,2021-10-26T11:16:10Z,2021-10-26T11:16:25Z,TRUE,NA,NA,NA,NA,NA,NA
13073713418,410105655,2021-10-26T11:16:13Z,2021-10-26T11:16:22Z,TRUE,NA,NA,NA,NA,NA,NA
13073713388,410105655,2021-10-26T11:16:10Z,2021-10-26T11:16:21Z,TRUE,NA,NA,NA,NA,NA,NA
13073713247,410105655,2021-10-26T11:16:08Z,2021-10-26T11:16:17Z,TRUE,NA,NA,NA,NA,NA,NA
13073708034,410105655,2021-10-26T11:13:12Z,2021-10-26T11:15:51Z,TRUE,agentive,1,0,2,20,woman
13073709460,410105655,2021-10-26T11:14:05Z,2021-10-26T11:15:04Z,TRUE,agentive,1,0,2,NA,NA
13073710271,410105655,2021-10-26T11:14:25Z,2021-10-26T11:14:40Z,TRUE,NA,NA,NA,NA,NA,NA
13073709585,410105655,2021-10-26T11:14:06Z,2021-10-26T11:14:17Z,TRUE,NA,NA,NA,NA,NA,NA
13073704836,410105655,2021-10-26T11:11:30Z,2021-10-26T11:13:11Z,TRUE,nonagentive,1,340,2,19,woman
13073626306,410105655,2021-10-26T10:26:43Z,2021-10-26T10:28:20Z,TRUE,agentive,3,1000,3,20,woman
13071980683,410105655,2021-10-25T21:45:10Z,2021-10-25T21:51:52Z,TRUE,agentive,5,2700,5,22,woman
13071828520,410105655,2021-10-25T20:50:17Z,2021-10-25T20:52:42Z,TRUE,nonagentive,5,3400,5,24,woman
13071725629,410105655,2021-10-25T20:11:09Z,2021-10-25T20:12:57Z,TRUE,agentive,3,1500,5,20,woman
13071706592,410105655,2021-10-25T20:03:55Z,2021-10-25T20:06:26Z,TRUE,agentive,3,1700,7,20,woman
13071548105,410105655,2021-10-25T19:07:25Z,2021-10-25T19:11:48Z,TRUE,agentive,4,3000,4,20,man
13071549563,410105655,2021-10-25T19:08:17Z,2021-10-25T19:11:34Z,TRUE,nonagentive,1,0,2,20,woman
13071258257,410105655,2021-10-25T17:33:25Z,2021-10-25T17:33:34Z,TRUE,NA,NA,NA,NA,NA,NA
13071239510,410105655,2021-10-25T17:25:08Z,2021-10-25T17:31:14Z,TRUE,agentive,6,3400,7,19,woman
13071237989,410105655,2021-10-25T17:26:45Z,2021-10-25T17:28:37Z,TRUE,nonagentive,2,3400,5,21,woman
13071178221,410105655,2021-10-25T17:06:44Z,2021-10-25T17:09:17Z,TRUE,nonagentive,6,3000,6,20,woman
13071179112,410105655,2021-10-25T17:07:30Z,2021-10-25T17:09:16Z,TRUE,nonagentive,3,1400,4,18,woman
13070500370,410105655,2021-10-25T12:37:29Z,2021-10-25T12:39:14Z,TRUE,nonagentive,6,2800,5,19,woman
13070500522,410105655,2021-10-25T12:36:58Z,2021-10-25T12:39:10Z,TRUE,nonagentive,5,3400,5,19,woman
13070217429,410105655,2021-10-25T09:39:26Z,2021-10-25T09:43:11Z,TRUE,agentive,5,3000,5,20,other
13070217033,410105655,2021-10-25T09:40:42Z,2021-10-25T09:42:34Z,TRUE,nonagentive,7,3400,7,19,man
13070216947,410105655,2021-10-25T09:40:42Z,2021-10-25T09:42:11Z,TRUE,agentive,4,1870,5,19,woman
13070215446,410105655,2021-10-25T09:39:27Z,2021-10-25T09:42:10Z,TRUE,nonagentive,4,400,5,19,woman
13070213663,410105655,2021-10-25T09:38:29Z,2021-10-25T09:41:47Z,TRUE,agentive,6,3400,6,19,woman
13070213090,410105655,2021-10-25T09:35:39Z,2021-10-25T09:41:44Z,TRUE,agentive,2,0,2,19,woman
13070213255,410105655,2021-10-25T09:38:15Z,2021-10-25T09:41:29Z,TRUE,nonagentive,3,100,7,19,woman
13070215269,410105655,2021-10-25T09:39:35Z,2021-10-25T09:41:23Z,TRUE,agentive,5,2000,7,20,woman
13070214257,410105655,2021-10-25T09:38:51Z,2021-10-25T09:41:19Z,TRUE,nonagentive,3,2000,6,19,man
13070215439,410105655,2021-10-25T09:38:44Z,2021-10-25T09:41:12Z,TRUE,agentive,7,3400,7,18,woman
13070215035,410105655,2021-10-25T09:39:02Z,2021-10-25T09:41:09Z,TRUE,agentive,4,1700,4,18,man
13070213608,410105655,2021-10-25T09:38:13Z,2021-10-25T09:41:05Z,TRUE,nonagentive,6,3400,4,19,woman
13070214104,410105655,2021-10-25T09:38:33Z,2021-10-25T09:41:04Z,TRUE,nonagentive,3,1000,5,19,woman
13070214132,410105655,2021-10-25T09:38:48Z,2021-10-25T09:41:01Z,TRUE,nonagentive,1,0,4,20,woman
13070214155,410105655,2021-10-25T09:38:48Z,2021-10-25T09:40:55Z,TRUE,nonagentive,2,1700,1,18,woman
13070215248,410105655,2021-10-25T09:39:32Z,2021-10-25T09:40:52Z,TRUE,agentive,4,4000,7,19,woman
13070214961,410105655,2021-10-25T09:39:16Z,2021-10-25T09:40:49Z,TRUE,nonagentive,5,2210,4,19,do not want to disclose
13070213743,410105655,2021-10-25T09:38:35Z,2021-10-25T09:40:37Z,TRUE,agentive,4,1700,4,20,woman
13070214343,410105655,2021-10-25T09:38:26Z,2021-10-25T09:40:35Z,TRUE,agentive,6,3000,6,19,woman
13070214117,410105655,2021-10-25T09:38:39Z,2021-10-25T09:40:32Z,TRUE,agentive,5,2000,7,19,woman
13070215019,410105655,2021-10-25T09:39:29Z,2021-10-25T09:40:31Z,TRUE,nonagentive,3,600,5,19,woman
13070213577,410105655,2021-10-25T09:38:22Z,2021-10-25T09:40:31Z,TRUE,nonagentive,2,800,2,19,woman
13070213460,410105655,2021-10-25T09:38:24Z,2021-10-25T09:40:30Z,TRUE,nonagentive,4,1700,3,18,woman
13070214410,410105655,2021-10-25T09:39:02Z,2021-10-25T09:40:30Z,TRUE,nonagentive,2,1000,2,19,woman
13070213592,410105655,2021-10-25T09:38:30Z,2021-10-25T09:40:26Z,TRUE,agentive,3,1700,7,18,woman
13070213736,410105655,2021-10-25T09:38:34Z,2021-10-25T09:40:22Z,TRUE,nonagentive,3,100,3,19,woman
13070214266,410105655,2021-10-25T09:38:55Z,2021-10-25T09:40:19Z,TRUE,agentive,3,2000,5,19,woman
13070214269,410105655,2021-10-25T09:38:57Z,2021-10-25T09:40:16Z,TRUE,agentive,6,3000,7,18,woman
13070212933,410105655,2021-10-25T09:36:04Z,2021-10-25T09:40:08Z,TRUE,agentive,4,1700,6,19,woman
13070213562,410105655,2021-10-25T09:38:21Z,2021-10-25T09:40:04Z,TRUE,nonagentive,5,2300,7,21,woman
13070213602,410105655,2021-10-25T09:38:29Z,2021-10-25T09:39:49Z,TRUE,agentive,3,3400,7,19,man
13070214003,410105655,2021-10-25T09:38:39Z,2021-10-25T09:39:45Z,TRUE,nonagentive,1,0,5,19,woman
13070213454,410105655,2021-10-25T09:38:22Z,2021-10-25T09:39:43Z,TRUE,agentive,3,1500,7,19,woman
13070213523,410105655,2021-10-25T09:38:27Z,2021-10-25T09:39:42Z,TRUE,nonagentive,2,800,2,19,woman
13070213461,410105655,2021-10-25T09:38:25Z,2021-10-25T09:39:35Z,TRUE,agentive,5,3000,6,18,woman
13070210327,410105655,2021-10-25T09:36:23Z,2021-10-25T09:39:17Z,TRUE,nonagentive,4,1200,4,19,woman
13070209624,410105655,2021-10-25T09:35:15Z,2021-10-25T09:37:37Z,TRUE,agentive,3,1500,3,18,do not want to disclose
13070204856,410105655,2021-10-25T09:32:44Z,2021-10-25T09:34:58Z,TRUE,agentive,3,1700,5,18,woman
13070201555,410105655,2021-10-25T09:30:23Z,2021-10-25T09:32:27Z,TRUE,nonagentive,2,1000,3,18,woman
13070195378,410105655,2021-10-25T09:26:15Z,2021-10-25T09:27:12Z,TRUE,nonagentive,1,3400,5,19,woman
13070179126,410105655,2021-10-25T09:15:25Z,2021-10-25T09:16:30Z,TRUE,agentive,4,3400,6,20,woman
13070177639,410105655,2021-10-25T09:13:56Z,2021-10-25T09:16:09Z,TRUE,agentive,3,1700,4,20,woman
13069395589,410105655,2021-10-24T22:34:48Z,2021-10-24T22:36:52Z,TRUE,nonagentive,4,1700,4,19,woman
13055239309,410105655,2021-10-19T12:31:16Z,2021-10-24T13:19:37Z,TRUE,agentive,1,3400,6,22,other
13068349103,410105655,2021-10-24T01:32:10Z,2021-10-24T01:34:32Z,TRUE,agentive,5,4000,4,18,man
13067798187,410105655,2021-10-23T16:28:22Z,2021-10-23T16:33:22Z,TRUE,agentive,3,NA,4,18,woman
13067563987,410105655,2021-10-23T12:56:41Z,2021-10-23T12:57:24Z,TRUE,NA,NA,NA,NA,NA,NA
13064917444,410105655,2021-10-22T11:48:39Z,2021-10-22T11:50:20Z,TRUE,nonagentive,7,2000,4,19,man
13061888906,410105655,2021-10-21T13:50:20Z,2021-10-21T13:52:47Z,TRUE,agentive,5,2720,4,20,woman
13061880464,410105655,2021-10-21T13:46:30Z,2021-10-21T13:48:20Z,TRUE,agentive,6,3000,7,22,woman
13060303198,410105655,2021-10-20T22:55:36Z,2021-10-20T22:58:43Z,TRUE,nonagentive,2,500,7,25,woman
13060277857,410105655,2021-10-20T22:45:49Z,2021-10-20T22:47:21Z,TRUE,agentive,3,2000,6,18,woman
13059110492,410105655,2021-10-20T16:17:49Z,2021-10-20T16:19:27Z,TRUE,agentive,4,1650,4,20,woman
13058822253,410105655,2021-10-20T14:39:37Z,2021-10-20T14:43:20Z,TRUE,nonagentive,2,500,2,23,man
13058300628,410105655,2021-10-20T10:05:42Z,2021-10-20T10:08:06Z,TRUE,agentive,3,1500,6,18,woman
13057116708,410105655,2021-10-19T23:11:44Z,2021-10-19T23:11:53Z,TRUE,NA,NA,NA,NA,NA,NA
13057077663,410105655,2021-10-19T22:54:54Z,2021-10-19T23:00:31Z,TRUE,agentive,3,3400,2,18,woman
13056767805,410105655,2021-10-19T20:58:21Z,2021-10-19T20:59:37Z,TRUE,nonagentive,1,0,2,19,woman
13056362291,410105655,2021-10-19T18:43:55Z,2021-10-19T20:45:21Z,TRUE,nonagentive,4,2000,4,18,woman
13056706584,410105655,2021-10-19T20:37:05Z,2021-10-19T20:39:50Z,TRUE,agentive,5,1700,7,21,woman
13056539836,410105655,2021-10-19T19:42:19Z,2021-10-19T19:46:02Z,TRUE,agentive,5,1700,4,21,man
13056485078,410105655,2021-10-19T19:25:04Z,2021-10-19T19:26:37Z,TRUE,nonagentive,3,2000,7,19,woman
13056462705,410105655,2021-10-19T19:16:36Z,2021-10-19T19:20:09Z,TRUE,agentive,3,3400,4,18,woman
13056424080,410105655,2021-10-19T19:03:44Z,2021-10-19T19:06:03Z,TRUE,agentive,3,1000,2,19,man
13056406889,410105655,2021-10-19T18:58:41Z,2021-10-19T18:58:52Z,TRUE,NA,NA,NA,NA,NA,NA
13056343645,410105655,2021-10-19T18:37:35Z,2021-10-19T18:39:23Z,TRUE,nonagentive,4,1700,4,19,woman
13055206100,410105655,2021-10-19T12:14:47Z,2021-10-19T17:56:09Z,TRUE,nonagentive,5,2000,3,18,woman
13056176885,410105655,2021-10-19T17:47:13Z,2021-10-19T17:50:00Z,TRUE,nonagentive,3,1700,5,18,woman
13056113317,410105655,2021-10-19T17:26:08Z,2021-10-19T17:29:09Z,TRUE,agentive,6,3400,5,24,woman
13056106302,410105655,2021-10-19T17:25:08Z,2021-10-19T17:27:13Z,TRUE,nonagentive,4,2000,3,19,woman
13056078620,410105655,2021-10-19T17:16:51Z,2021-10-19T17:20:50Z,TRUE,agentive,4,1500,5,19,woman
13055975328,410105655,2021-10-19T15:33:06Z,2021-10-19T16:47:28Z,TRUE,nonagentive,3,1700,3,21,woman
13055861964,410105655,2021-10-19T16:11:33Z,2021-10-19T16:11:41Z,TRUE,NA,NA,NA,NA,NA,NA
13055844090,410105655,2021-10-19T16:05:49Z,2021-10-19T16:06:11Z,TRUE,NA,NA,NA,NA,NA,NA
13055748486,410105655,2021-10-19T15:35:35Z,2021-10-19T15:38:18Z,TRUE,nonagentive,3,1200,6,19,woman
13055732895,410105655,2021-10-19T15:31:02Z,2021-10-19T15:31:15Z,TRUE,NA,NA,NA,NA,NA,NA
13055697871,410105655,2021-10-19T15:20:16Z,2021-10-19T15:21:29Z,TRUE,nonagentive,3,0,5,19,woman
13055674625,410105655,2021-10-19T15:12:25Z,2021-10-19T15:19:00Z,TRUE,agentive,3,1300,6,19,man
13055363400,410105655,2021-10-19T13:24:43Z,2021-10-19T13:24:50Z,TRUE,NA,NA,NA,NA,NA,NA
13055351230,410105655,2021-10-19T13:17:44Z,2021-10-19T13:23:51Z,TRUE,nonagentive,3,3400,4,19,woman
13055164694,410105655,2021-10-19T11:54:10Z,2021-10-19T13:15:01Z,TRUE,agentive,5,1000,5,19,woman
13055320542,410105655,2021-10-19T13:08:53Z,2021-10-19T13:11:21Z,TRUE,nonagentive,7,3400,5,18,man
13055309628,410105655,2021-10-19T13:05:05Z,2021-10-19T13:08:09Z,TRUE,nonagentive,3,2000,3,18,woman
13055273901,410105655,2021-10-19T12:48:23Z,2021-10-19T12:50:37Z,TRUE,nonagentive,5,2700,5,19,woman
13055219306,410105655,2021-10-19T12:21:08Z,2021-10-19T12:40:25Z,TRUE,nonagentive,2,3400,3,18,woman
13055239375,410105655,2021-10-19T12:30:56Z,2021-10-19T12:34:17Z,TRUE,agentive,4,2100,5,19,woman
13055231850,410105655,2021-10-19T12:27:19Z,2021-10-19T12:29:56Z,TRUE,nonagentive,6,3400,6,19,woman
13055230708,410105655,2021-10-19T12:27:17Z,2021-10-19T12:27:28Z,TRUE,NA,NA,NA,NA,NA,NA
13055227305,410105655,2021-10-19T12:24:36Z,2021-10-19T12:26:50Z,TRUE,agentive,3,1000,5,19,woman
13055209451,410105655,2021-10-19T12:16:13Z,2021-10-19T12:19:55Z,TRUE,nonagentive,4,1700,2,18,woman
13055201669,410105655,2021-10-19T12:12:34Z,2021-10-19T12:12:48Z,TRUE,NA,NA,NA,NA,NA,NA
13055190656,410105655,2021-10-19T12:07:14Z,2021-10-19T12:07:22Z,TRUE,NA,NA,NA,NA,NA,NA
13055168501,410105655,2021-10-19T11:56:08Z,2021-10-19T11:59:08Z,TRUE,nonagentive,4,1700,5,18,woman
13055162330,410105655,2021-10-19T11:52:18Z,2021-10-19T11:55:06Z,TRUE,nonagentive,4,2700,5,20,man
13055156203,410105655,2021-10-19T11:49:48Z,2021-10-19T11:51:22Z,TRUE,agentive,2,1000,4,19,woman
13055157406,410105655,2021-10-19T11:50:00Z,2021-10-19T11:51:17Z,TRUE,agentive,4,1000,NA,NA,NA
13055139725,410105655,2021-10-19T11:40:57Z,2021-10-19T11:45:28Z,TRUE,nonagentive,4,3400,3,19,woman
13055143903,410105655,2021-10-19T11:43:29Z,2021-10-19T11:44:39Z,TRUE,agentive,7,3400,7,18,woman
13055141467,410105655,2021-10-19T11:42:15Z,2021-10-19T11:42:48Z,TRUE,nonagentive,2,1700,2,18,woman
13055137461,410105655,2021-10-19T11:40:00Z,2021-10-19T11:40:16Z,TRUE,NA,NA,NA,NA,NA,NA
13055132536,410105655,2021-10-19T11:37:13Z,2021-10-19T11:39:20Z,TRUE,agentive,4,1700,4,NA,woman
13055131572,410105655,2021-10-19T11:37:01Z,2021-10-19T11:37:19Z,TRUE,NA,NA,NA,NA,NA,NA
13055128278,410105655,2021-10-19T11:35:20Z,2021-10-19T11:37:10Z,TRUE,nonagentive,3,1700,7,19,man
13055128795,410105655,2021-10-19T11:35:22Z,2021-10-19T11:37:07Z,TRUE,nonagentive,5,1700,7,19,woman
13049824371,410105655,2021-10-16T22:56:39Z,2021-10-19T11:36:49Z,TRUE,nonagentive,5,3000,6,19,woman
13055129365,410105655,2021-10-19T11:35:58Z,2021-10-19T11:36:05Z,TRUE,NA,NA,NA,NA,NA,NA
13055123716,410105655,2021-10-19T11:32:35Z,2021-10-19T11:35:01Z,TRUE,agentive,2,1000,5,18,woman
13055126292,410105655,2021-10-19T11:34:04Z,2021-10-19T11:34:26Z,TRUE,NA,NA,NA,NA,NA,NA
13055121445,410105655,2021-10-19T11:31:16Z,2021-10-19T11:33:32Z,TRUE,agentive,4,NA,5,19,other
13055116993,410105655,2021-10-19T11:29:05Z,2021-10-19T11:29:14Z,TRUE,NA,NA,NA,NA,NA,NA
13053819704,410105655,2021-10-18T23:07:42Z,2021-10-18T23:09:24Z,TRUE,agentive,7,0,7,25,woman
13053591556,410105655,2021-10-18T21:36:54Z,2021-10-18T21:37:30Z,TRUE,NA,NA,NA,NA,NA,NA
13053509385,410105655,2021-10-18T21:05:06Z,2021-10-18T21:05:54Z,TRUE,NA,NA,NA,NA,NA,NA
13053459380,410105655,2021-10-18T20:46:24Z,2021-10-18T20:48:41Z,TRUE,agentive,7,3400,4,18,woman
13053412383,410105655,2021-10-18T20:27:02Z,2021-10-18T20:30:34Z,TRUE,agentive,3,3400,2,23,man
13053305460,410105655,2021-10-18T19:50:03Z,2021-10-18T19:52:01Z,TRUE,nonagentive,4,1000,2,20,woman
13053272140,410105655,2021-10-18T19:37:32Z,2021-10-18T19:40:35Z,TRUE,agentive,5,0,7,18,woman
13053232211,410105655,2021-10-17T21:36:15Z,2021-10-18T19:25:25Z,TRUE,nonagentive,2,0,2,22,woman
13053190522,410105655,2021-10-18T19:08:22Z,2021-10-18T19:10:46Z,TRUE,agentive,7,2550,4,20,man
13052987834,410105655,2021-10-18T17:59:22Z,2021-10-18T18:00:42Z,TRUE,nonagentive,1,0,2,32,woman
13052913843,410105655,2021-10-18T17:35:34Z,2021-10-18T17:35:42Z,TRUE,NA,NA,NA,NA,NA,NA
13052341128,410105655,2021-10-18T14:26:55Z,2021-10-18T14:30:48Z,TRUE,nonagentive,5,3400,5,18,woman
13052023960,410105655,2021-10-18T11:46:46Z,2021-10-18T11:48:55Z,TRUE,nonagentive,2,0,6,21,woman
13051993259,410105655,2021-10-18T11:29:41Z,2021-10-18T11:31:09Z,TRUE,nonagentive,4,1500,2,24,woman
13051942735,410105655,2021-10-18T11:02:12Z,2021-10-18T11:02:21Z,TRUE,NA,NA,NA,NA,NA,NA
13051913074,410105655,2021-10-18T10:44:39Z,2021-10-18T10:44:43Z,TRUE,NA,NA,NA,NA,NA,NA
13051871781,410105655,2021-10-18T10:19:33Z,2021-10-18T10:21:22Z,TRUE,agentive,2,500,6,25,man
13051860623,410105655,2021-10-18T10:13:09Z,2021-10-18T10:15:18Z,TRUE,nonagentive,6,2000,6,27,man
13051851311,410105655,2021-10-18T10:07:59Z,2021-10-18T10:09:16Z,TRUE,agentive,6,3400,2,26,woman
13051835227,410105655,2021-10-18T09:58:28Z,2021-10-18T10:01:02Z,TRUE,nonagentive,2,2000,5,18,woman
13051795069,410105655,2021-10-18T09:33:17Z,2021-10-18T09:36:39Z,TRUE,nonagentive,1,0,3,31,woman
13051637362,410105655,2021-10-18T07:33:41Z,2021-10-18T07:35:29Z,TRUE,agentive,3,500,4,24,woman
13051536052,410105655,2021-10-18T05:51:15Z,2021-10-18T05:53:55Z,TRUE,nonagentive,3,1360,3,19,woman
13051245090,410105655,2021-10-18T01:49:06Z,2021-10-18T01:52:56Z,TRUE,nonagentive,5,1700,5,19,woman
13051122288,410105655,2021-10-18T00:34:20Z,2021-10-18T00:37:00Z,TRUE,agentive,4,1700,4,30,woman
13051056432,410105655,2021-10-17T23:45:10Z,2021-10-17T23:46:21Z,TRUE,nonagentive,4,2000,NA,NA,NA
13051022283,410105655,2021-10-17T23:09:42Z,2021-10-17T23:13:36Z,TRUE,nonagentive,1,0,1,22,woman
13050948465,410105655,2021-10-17T21:46:58Z,2021-10-17T21:49:39Z,TRUE,NA,NA,NA,NA,NA,NA
13050912705,410105655,2021-10-17T21:11:28Z,2021-10-17T21:12:41Z,TRUE,nonagentive,6,3000,6,23,woman
13050899310,410105655,2021-10-17T20:58:16Z,2021-10-17T20:59:50Z,TRUE,nonagentive,7,3000,6,23,man
13050893984,410105655,2021-10-17T20:52:22Z,2021-10-17T20:54:29Z,TRUE,nonagentive,3,1700,3,20,woman
13050891790,410105655,2021-10-17T20:49:49Z,2021-10-17T20:51:45Z,TRUE,nonagentive,5,1700,5,29,woman
13050880507,410105655,2021-10-17T20:37:49Z,2021-10-17T20:39:42Z,TRUE,agentive,7,3400,7,18,woman
13050828256,410105655,2021-10-17T19:45:15Z,2021-10-17T19:46:53Z,TRUE,nonagentive,3,0,4,20,woman
13050808866,410105655,2021-10-17T19:26:26Z,2021-10-17T19:27:42Z,TRUE,agentive,4,1700,7,24,woman
13050794625,410105655,2021-10-17T19:11:41Z,2021-10-17T19:14:10Z,TRUE,agentive,2,1000,5,18,woman
13050783614,410105655,2021-10-17T19:02:06Z,2021-10-17T19:04:03Z,TRUE,agentive,7,3400,7,22,woman
13050638959,410105655,2021-10-17T16:50:57Z,2021-10-17T16:51:09Z,TRUE,NA,NA,NA,NA,NA,NA
13050621776,410105655,2021-10-17T16:33:04Z,2021-10-17T16:36:51Z,TRUE,nonagentive,4,0,5,21,woman
13050618178,410105655,2021-10-17T16:29:18Z,2021-10-17T16:31:19Z,TRUE,nonagentive,4,3200,5,23,woman
13050608911,410105655,2021-10-17T16:20:34Z,2021-10-17T16:22:22Z,TRUE,nonagentive,7,3400,3,24,man
13050608132,410105655,2021-10-17T16:19:40Z,2021-10-17T16:19:54Z,TRUE,NA,NA,NA,NA,NA,NA
13050599442,410105655,2021-10-17T16:06:11Z,2021-10-17T16:13:42Z,TRUE,nonagentive,2,0,2,20,woman
13050598087,410105655,2021-10-17T16:09:14Z,2021-10-17T16:12:28Z,TRUE,agentive,5,1700,4,22,man
13050562617,410105655,2021-10-17T15:33:05Z,2021-10-17T15:34:39Z,TRUE,agentive,2,400,5,22,woman
13050506331,410105655,2021-10-17T14:23:38Z,2021-10-17T14:36:25Z,TRUE,nonagentive,1,0,1,NA,NA
13050498489,410105655,2021-10-17T14:20:53Z,2021-10-17T14:32:16Z,TRUE,nonagentive,3,4000,5,22,woman
13050491162,410105655,2021-10-17T14:16:10Z,2021-10-17T14:20:09Z,TRUE,nonagentive,3,1700,5,18,man
13050446625,410105655,2021-10-17T13:24:59Z,2021-10-17T13:27:48Z,TRUE,nonagentive,5,3000,3,23,man
13050437432,410105655,2021-10-17T13:14:37Z,2021-10-17T13:23:50Z,TRUE,nonagentive,2,1500,2,19,other
13050437962,410105655,2021-10-17T13:15:30Z,2021-10-17T13:16:40Z,TRUE,agentive,2,0,3,21,woman
13050433209,410105655,2021-10-17T13:09:41Z,2021-10-17T13:11:05Z,TRUE,nonagentive,1,0,6,23,woman
13050414536,410105655,2021-10-17T12:46:37Z,2021-10-17T12:48:12Z,TRUE,nonagentive,1,3400,7,23,woman
13050413747,410105655,2021-10-17T12:45:38Z,2021-10-17T12:47:04Z,TRUE,nonagentive,5,2000,7,25,woman
13050391103,410105655,2021-10-17T12:18:31Z,2021-10-17T12:18:49Z,TRUE,NA,NA,NA,NA,NA,NA
13050357569,410105655,2021-10-17T11:38:46Z,2021-10-17T11:41:27Z,TRUE,agentive,4,2200,4,18,man
13050320198,410105655,2021-10-17T10:51:27Z,2021-10-17T10:52:50Z,TRUE,nonagentive,3,1700,3,NA,woman
13050310695,410105655,2021-10-17T10:38:59Z,2021-10-17T10:40:30Z,TRUE,agentive,7,1700,5,19,woman
13050306242,410105655,2021-10-17T10:32:57Z,2021-10-17T10:34:54Z,TRUE,nonagentive,2,400,2,24,woman
13050291218,410105655,2021-10-17T10:15:14Z,2021-10-17T10:17:50Z,TRUE,nonagentive,5,2400,5,19,woman
13050287081,410105655,2021-10-17T10:10:16Z,2021-10-17T10:12:22Z,TRUE,nonagentive,1,0,2,31,woman
13050279949,410105655,2021-10-17T10:01:58Z,2021-10-17T10:03:14Z,TRUE,agentive,1,0,3,18,woman
13050278617,410105655,2021-10-17T09:59:54Z,2021-10-17T10:01:55Z,TRUE,nonagentive,7,3400,7,23,man
13050257870,410105655,2021-10-17T09:30:55Z,2021-10-17T09:32:20Z,TRUE,agentive,7,3400,5,20,woman
13050246357,410105655,2021-10-17T09:14:05Z,2021-10-17T09:18:26Z,TRUE,agentive,4,1200,5,18,woman
13050232073,410105655,2021-10-17T08:53:15Z,2021-10-17T08:53:58Z,TRUE,NA,NA,NA,NA,NA,NA
13050223153,410105655,2021-10-17T08:39:30Z,2021-10-17T08:40:54Z,TRUE,nonagentive,5,3400,2,22,woman
13050207860,410105655,2021-10-17T08:14:50Z,2021-10-17T08:16:57Z,TRUE,nonagentive,2,NA,2,19,do not want to disclose
13050197195,410105655,2021-10-17T07:56:47Z,2021-10-17T08:02:10Z,TRUE,agentive,1,0,7,23,woman
13050197614,410105655,2021-10-17T07:57:02Z,2021-10-17T08:00:10Z,TRUE,nonagentive,4,1700,5,19,woman
13050192239,410105655,2021-10-17T07:47:55Z,2021-10-17T07:50:13Z,TRUE,nonagentive,1,0,7,18,woman
13050189832,410105655,2021-10-17T07:43:32Z,2021-10-17T07:43:42Z,TRUE,NA,NA,NA,NA,NA,NA
13050171596,410105655,2021-10-17T07:10:45Z,2021-10-17T07:12:48Z,TRUE,nonagentive,1,200,3,18,woman
13050165672,410105655,2021-10-17T07:00:13Z,2021-10-17T07:06:44Z,TRUE,agentive,5,1700,5,20,man
13049870269,410105655,2021-10-16T23:52:10Z,2021-10-17T02:49:36Z,TRUE,agentive,3,1500,3,21,woman
13049984588,410105655,2021-10-17T02:18:34Z,2021-10-17T02:18:44Z,TRUE,NA,NA,NA,NA,NA,NA
13049946828,410105655,2021-10-17T01:26:41Z,2021-10-17T01:27:44Z,TRUE,agentive,1,0,1,24,man
13049944740,410105655,2021-10-17T01:23:37Z,2021-10-17T01:25:17Z,TRUE,agentive,1,3400,4,21,woman
13049935531,410105655,2021-10-17T01:11:11Z,2021-10-17T01:11:40Z,TRUE,NA,NA,NA,NA,NA,NA
13049923453,410105655,2021-10-17T00:55:03Z,2021-10-17T00:56:35Z,TRUE,nonagentive,5,1700,6,22,woman
13049919837,410105655,2021-10-17T00:50:31Z,2021-10-17T00:52:21Z,TRUE,nonagentive,6,3400,4,19,woman
13049915124,410105655,2021-10-17T00:44:07Z,2021-10-17T00:47:17Z,TRUE,agentive,1,3400,4,19,man
13049909990,410105655,2021-10-17T00:37:04Z,2021-10-17T00:40:32Z,TRUE,nonagentive,2,NA,2,21,woman
13049897356,410105655,2021-10-17T00:23:18Z,2021-10-17T00:25:13Z,TRUE,nonagentive,4,1500,4,19,woman
13049886428,410105655,2021-10-17T00:10:56Z,2021-10-17T00:12:42Z,TRUE,nonagentive,3,1700,5,19,woman
13049877165,410105655,2021-10-17T00:00:36Z,2021-10-17T00:03:16Z,TRUE,agentive,4,1700,7,20,woman
13049871393,410105655,2021-10-16T23:53:26Z,2021-10-16T23:54:54Z,TRUE,agentive,6,2500,7,NA,woman
13049869542,410105655,2021-10-16T23:51:26Z,2021-10-16T23:53:00Z,TRUE,agentive,5,NA,6,18,woman
13049867088,410105655,2021-10-16T23:48:04Z,2021-10-16T23:50:40Z,TRUE,nonagentive,4,1700,6,18,woman
13049866370,410105655,2021-10-16T23:47:22Z,2021-10-16T23:49:43Z,TRUE,nonagentive,2,400,2,21,woman
13049856758,410105655,2021-10-16T23:35:55Z,2021-10-16T23:37:58Z,TRUE,nonagentive,5,2000,4,20,man
13049855973,410105655,2021-10-16T23:34:54Z,2021-10-16T23:37:20Z,TRUE,agentive,4,1700,2,22,man
13049853219,410105655,2021-10-16T23:31:28Z,2021-10-16T23:34:09Z,TRUE,nonagentive,5,2400,7,21,woman
13049850419,410105655,2021-10-16T23:27:58Z,2021-10-16T23:32:39Z,TRUE,nonagentive,4,1700,6,19,man
13049851193,410105655,2021-10-16T23:29:20Z,2021-10-16T23:29:29Z,TRUE,NA,NA,NA,NA,NA,NA
13049846853,410105655,2021-10-16T23:23:11Z,2021-10-16T23:27:20Z,TRUE,agentive,4,1700,5,21,man
13049847768,410105655,2021-10-16T22:50:21Z,2021-10-16T23:26:50Z,TRUE,nonagentive,3,0,4,18,woman
13049844514,410105655,2021-10-16T23:21:10Z,2021-10-16T23:22:40Z,TRUE,agentive,4,3400,7,19,woman
13049841784,410105655,2021-10-16T23:17:44Z,2021-10-16T23:19:52Z,TRUE,nonagentive,5,2000,6,19,woman
13049840436,410105655,2021-10-16T23:15:01Z,2021-10-16T23:18:52Z,TRUE,nonagentive,4,1700,7,19,woman
13049836732,410105655,2021-10-16T23:11:38Z,2021-10-16T23:15:40Z,TRUE,nonagentive,4,NA,3,NA,man
13049831467,410105655,2021-10-16T23:05:14Z,2021-10-16T23:09:42Z,TRUE,agentive,4,1000,5,20,woman
13049831575,410105655,2021-10-16T23:05:09Z,2021-10-16T23:07:39Z,TRUE,nonagentive,3,1200,4,20,woman
13049829708,410105655,2021-10-16T23:02:54Z,2021-10-16T23:05:15Z,TRUE,nonagentive,6,3400,7,18,woman
13049827885,410105655,2021-10-16T23:00:53Z,2021-10-16T23:03:20Z,TRUE,agentive,6,3000,7,25,man
13049827636,410105655,2021-10-16T23:00:26Z,2021-10-16T23:02:37Z,TRUE,agentive,6,3400,7,18,woman
13049827128,410105655,2021-10-16T23:00:09Z,2021-10-16T23:01:14Z,TRUE,agentive,6,3400,6,19,woman
13049827440,410105655,2021-10-16T23:00:14Z,2021-10-16T23:00:39Z,TRUE,NA,NA,NA,NA,NA,NA
13049825369,410105655,2021-10-16T22:57:36Z,2021-10-16T23:00:28Z,TRUE,agentive,2,0,4,21,woman
13049823945,410105655,2021-10-16T22:55:41Z,2021-10-16T23:00:12Z,TRUE,agentive,5,3400,6,19,woman
13049824057,410105655,2021-10-16T22:55:20Z,2021-10-16T22:59:42Z,TRUE,nonagentive,4,1700,5,18,woman
13049824838,410105655,2021-10-16T22:56:52Z,2021-10-16T22:59:09Z,TRUE,nonagentive,4,3400,5,18,woman
13049823958,410105655,2021-10-16T22:55:56Z,2021-10-16T22:57:49Z,TRUE,nonagentive,5,1700,5,19,woman
13049822839,410105655,2021-10-16T22:54:36Z,2021-10-16T22:56:06Z,TRUE,agentive,7,3400,5,21,woman
13049822495,410105655,2021-10-16T22:54:24Z,2021-10-16T22:55:24Z,TRUE,agentive,5,3400,NA,NA,NA
13049822703,410105655,2021-10-16T22:54:43Z,2021-10-16T22:54:49Z,TRUE,NA,NA,NA,NA,NA,NA
13049821924,410105655,2021-10-16T22:53:34Z,2021-10-16T22:53:53Z,TRUE,NA,NA,NA,NA,NA,NA
13049820441,410105655,2021-10-16T22:51:49Z,2021-10-16T22:53:19Z,TRUE,agentive,7,3400,7,19,man
13049819619,410105655,2021-10-16T22:50:27Z,2021-10-16T22:52:41Z,TRUE,agentive,3,3400,7,19,woman
13049820320,410105655,2021-10-16T22:51:28Z,2021-10-16T22:52:40Z,TRUE,NA,NA,NA,NA,NA,NA
13049818607,410105655,2021-10-16T22:49:09Z,2021-10-16T22:51:31Z,TRUE,agentive,5,2500,5,19,woman
13049817835,410105655,2021-10-16T22:48:24Z,2021-10-16T22:50:21Z,TRUE,nonagentive,3,1000,4,21,woman
13049816545,410105655,2021-10-16T22:46:43Z,2021-10-16T22:49:12Z,TRUE,agentive,3,NA,6,20,woman
