collector_number,respondent_id,collector_id,start_date,end_date,informed_consent,agency,blame_level,assess_fine,assess_active_role,age,gender,recently_participated_similar
Web Link 1,13222669667,411980487,12/24/2021 09:45:03 AM,12/24/2021 09:45:20 AM,TRUE,NA,NA,NA,NA,NA,NA,NA
Web Link 1,13222633256,411980487,12/24/2021 09:02:33 AM,12/24/2021 09:04:47 AM,TRUE,nonagentive,4,3400,2,22,female,1
Web Link 1,13222159684,411980487,12/24/2021 12:27:10 AM,12/24/2021 08:48:16 AM,TRUE,nonagentive,4,1700,5,19,female,1
Web Link 1,13222606689,411980487,12/24/2021 08:28:10 AM,12/24/2021 08:31:03 AM,TRUE,agentive,1,400,1,19,female,1
Web Link 1,13222602834,411980487,12/24/2021 08:23:39 AM,12/24/2021 08:24:15 AM,TRUE,agentive,1,420,3,25,male,1
Web Link 1,13222596292,411980487,12/24/2021 08:15:02 AM,12/24/2021 08:15:47 AM,TRUE,agentive,1,600,4,20,male,1
Web Link 1,13222350022,411980487,12/24/2021 02:59:55 AM,12/24/2021 03:01:01 AM,TRUE,nonagentive,7,3000,NA,NA,NA,NA
Web Link 1,13222247681,411980487,12/24/2021 01:23:19 AM,12/24/2021 01:23:58 AM,TRUE,NA,NA,NA,NA,NA,NA,NA
Web Link 1,13222222830,411980487,12/24/2021 01:07:03 AM,12/24/2021 01:09:02 AM,TRUE,nonagentive,1,500,2,19,male,1
Web Link 1,13222174590,411980487,12/24/2021 12:36:40 AM,12/24/2021 12:37:58 AM,TRUE,nonagentive,4,1700,4,23,female,1
Web Link 1,13222069576,411980487,12/23/2021 11:35:43 PM,12/23/2021 11:38:11 PM,TRUE,agentive,1,3400,1,21,female,1
Web Link 1,13222053538,411980487,12/23/2021 11:25:43 PM,12/23/2021 11:26:06 PM,TRUE,NA,NA,NA,NA,NA,NA,NA
Web Link 1,13222036604,411980487,12/23/2021 11:13:01 PM,12/23/2021 11:21:09 PM,TRUE,nonagentive,7,1000,7,18,female,2
Web Link 1,13222036757,411980487,12/23/2021 11:13:55 PM,12/23/2021 11:20:19 PM,TRUE,agentive,4,1700,4,19,female,1
Web Link 1,13222037345,411980487,12/23/2021 11:13:37 PM,12/23/2021 11:18:34 PM,TRUE,agentive,4,3400,5,40,female,1
Web Link 1,13222036312,411980487,12/23/2021 11:14:28 PM,12/23/2021 11:16:46 PM,TRUE,agentive,7,2500,5,19,female,1
Web Link 1,13222028430,411980487,12/23/2021 11:09:08 PM,12/23/2021 11:11:16 PM,TRUE,nonagentive,7,3400,7,22,male,1
Web Link 1,13222020979,411980487,12/23/2021 11:04:11 PM,12/23/2021 11:10:51 PM,TRUE,agentive,4,1700,4,19,male,1
Web Link 1,13222021464,411980487,12/23/2021 11:04:31 PM,12/23/2021 11:07:51 PM,TRUE,agentive,4,850,4,19,female,1
Web Link 1,13222010510,411980487,12/23/2021 10:57:08 PM,12/23/2021 10:59:54 PM,TRUE,nonagentive,4,1000,3,20,female,1
Web Link 1,13222008342,411980487,12/23/2021 10:55:44 PM,12/23/2021 10:57:54 PM,TRUE,nonagentive,4,3400,5,19,female,1
Web Link 1,13222007864,411980487,12/23/2021 10:55:21 PM,12/23/2021 10:57:25 PM,TRUE,agentive,1,3400,1,20,male,1
Web Link 1,13222006670,411980487,12/23/2021 10:54:43 PM,12/23/2021 10:56:39 PM,TRUE,agentive,1,425,2,20,female,1
Web Link 1,13222006644,411980487,12/23/2021 10:54:41 PM,12/23/2021 10:56:17 PM,TRUE,agentive,1,0,2,20,male,1
Web Link 1,13221964729,411980487,12/23/2021 10:26:02 PM,12/23/2021 10:27:14 PM,TRUE,agentive,4,3400,7,28,female,1
Web Link 1,13221932939,411980487,12/23/2021 10:00:54 PM,12/23/2021 10:05:17 PM,TRUE,nonagentive,1,3400,1,21,male,1
Web Link 1,13221884104,411980487,12/23/2021 09:23:03 PM,12/23/2021 09:23:24 PM,TRUE,NA,NA,NA,NA,NA,NA,NA
Web Link 1,13221872399,411980487,12/23/2021 09:14:43 PM,12/23/2021 09:14:54 PM,TRUE,NA,NA,NA,NA,NA,NA,NA
Web Link 1,13221840445,411980487,12/23/2021 08:52:35 PM,12/23/2021 08:54:08 PM,TRUE,nonagentive,4,2500,6,19,female,1
Web Link 1,13221836033,411980487,12/23/2021 08:49:23 PM,12/23/2021 08:49:45 PM,TRUE,NA,NA,NA,NA,NA,NA,NA
Web Link 1,13221831447,411980487,12/23/2021 08:45:53 PM,12/23/2021 08:49:29 PM,TRUE,agentive,7,2975,6,19,male,1
Web Link 1,13221834917,411980487,12/23/2021 08:48:49 PM,12/23/2021 08:48:58 PM,TRUE,NA,NA,NA,NA,NA,NA,NA
Web Link 1,13221825540,411980487,12/23/2021 08:42:25 PM,12/23/2021 08:44:28 PM,TRUE,nonagentive,7,0,5,22,female,1
Web Link 1,13221816182,411980487,12/23/2021 08:36:18 PM,12/23/2021 08:39:45 PM,TRUE,nonagentive,4,1500,4,19,I prefer not to answer,1
Web Link 1,13221808476,411980487,12/23/2021 08:31:43 PM,12/23/2021 08:32:23 PM,TRUE,nonagentive,1,400,3,21,female,1
Web Link 1,13221789449,411980487,12/23/2021 08:19:28 PM,12/23/2021 08:21:45 PM,TRUE,agentive,1,425,3,19,male,1
Web Link 1,13221782060,411980487,12/23/2021 08:15:01 PM,12/23/2021 08:17:15 PM,TRUE,agentive,1,100,4,22,female,1
Web Link 1,13221773649,411980487,12/23/2021 08:09:50 PM,12/23/2021 08:10:44 PM,TRUE,agentive,7,2975,1,18,female,1
Web Link 1,13221756926,411980487,12/23/2021 08:00:20 PM,12/23/2021 08:04:21 PM,TRUE,agentive,7,2975,2,19,female,1
Web Link 1,13221733652,411980487,12/23/2021 07:47:00 PM,12/23/2021 07:47:28 PM,TRUE,NA,NA,NA,NA,NA,NA,NA
Web Link 1,13221662573,411980487,12/23/2021 06:56:38 PM,12/23/2021 07:45:47 PM,TRUE,agentive,7,3400,7,19,female,1
Web Link 1,13221723345,411980487,12/23/2021 07:39:35 PM,12/23/2021 07:43:17 PM,TRUE,nonagentive,1,NA,6,20,male,1
Web Link 1,13221723334,411980487,12/23/2021 07:39:37 PM,12/23/2021 07:39:43 PM,TRUE,NA,NA,NA,NA,NA,NA,NA
Web Link 1,13221714795,411980487,12/23/2021 07:33:11 PM,12/23/2021 07:37:04 PM,TRUE,agentive,1,200,4,21,female,1
Web Link 1,13221714669,411980487,12/23/2021 07:33:30 PM,12/23/2021 07:35:52 PM,TRUE,agentive,4,1700,5,26,female,1
Web Link 1,13221703815,411980487,12/23/2021 07:25:56 PM,12/23/2021 07:26:58 PM,TRUE,nonagentive,4,NA,5,NA,NA,NA
Web Link 1,13221701054,411980487,12/23/2021 07:24:21 PM,12/23/2021 07:26:50 PM,TRUE,agentive,1,250,7,14,female,1
Web Link 1,13221692855,411980487,12/23/2021 07:18:13 PM,12/23/2021 07:18:48 PM,TRUE,NA,NA,NA,NA,NA,NA,NA
Web Link 1,13221681036,411980487,12/23/2021 07:09:56 PM,12/23/2021 07:15:01 PM,TRUE,nonagentive,1,2975,1,19,female,1
Web Link 1,13221684318,411980487,12/23/2021 07:11:45 PM,12/23/2021 07:14:20 PM,TRUE,agentive,7,0,7,20,male,1
Web Link 1,13221682038,411980487,12/23/2021 07:10:13 PM,12/23/2021 07:13:15 PM,TRUE,nonagentive,7,2975,1,19,female,1
Web Link 1,13221676476,411980487,12/23/2021 07:06:31 PM,12/23/2021 07:09:24 PM,TRUE,agentive,1,1000,6,22,male,1
Web Link 1,13221672592,411980487,12/23/2021 07:02:37 PM,12/23/2021 07:08:49 PM,TRUE,nonagentive,4,1500,5,NA,male,1
Web Link 1,13221669311,411980487,12/23/2021 07:01:24 PM,12/23/2021 07:03:05 PM,TRUE,agentive,1,300,4,19,male,1
Web Link 1,13221666315,411980487,12/23/2021 06:59:12 PM,12/23/2021 07:00:02 PM,TRUE,nonagentive,7,NA,4,20,I prefer not to answer,1
Web Link 1,13221663851,411980487,12/23/2021 06:57:34 PM,12/23/2021 06:57:45 PM,TRUE,NA,NA,NA,NA,NA,NA,NA
Web Link 1,13221656528,411980487,12/23/2021 06:52:11 PM,12/23/2021 06:52:31 PM,TRUE,NA,NA,NA,NA,NA,NA,NA
Web Link 1,13221645644,411980487,12/23/2021 06:44:33 PM,12/23/2021 06:46:54 PM,TRUE,agentive,4,1500,4,20,female,1
Web Link 1,13221647052,411980487,12/23/2021 06:45:43 PM,12/23/2021 06:45:56 PM,TRUE,NA,NA,NA,NA,NA,NA,NA
Web Link 1,13221642141,411980487,12/23/2021 06:42:21 PM,12/23/2021 06:43:55 PM,TRUE,agentive,1,400,2,19,male,1
Web Link 1,13221643572,411980487,12/23/2021 06:43:17 PM,12/23/2021 06:43:28 PM,TRUE,NA,NA,NA,NA,NA,NA,NA
Web Link 1,13221626097,411980487,12/23/2021 06:31:30 PM,12/23/2021 06:36:32 PM,TRUE,nonagentive,7,1500,5,19,female,1
Web Link 1,13221630133,411980487,12/23/2021 06:33:53 PM,12/23/2021 06:34:22 PM,TRUE,NA,NA,NA,NA,NA,NA,NA
Web Link 1,13221604468,411980487,12/23/2021 06:15:55 PM,12/23/2021 06:19:15 PM,TRUE,agentive,4,3400,1,19,female,1
Web Link 1,13221605229,411980487,12/23/2021 06:16:30 PM,12/23/2021 06:18:42 PM,TRUE,agentive,7,2800,7,19,female,1
Web Link 1,13221604258,411980487,12/23/2021 06:15:37 PM,12/23/2021 06:17:50 PM,TRUE,agentive,7,NA,5,19,female,1
Web Link 1,13221595011,411980487,12/23/2021 06:09:28 PM,12/23/2021 06:14:32 PM,TRUE,agentive,4,1700,4,18,female,1
Web Link 1,13221585510,411980487,12/23/2021 06:03:38 PM,12/23/2021 06:07:20 PM,TRUE,nonagentive,1,NA,3,20,female,1
Web Link 1,13221515797,411980487,12/23/2021 05:19:12 PM,12/23/2021 06:06:28 PM,TRUE,nonagentive,1,500,6,19,female,1
Web Link 1,13221583954,411980487,12/23/2021 06:02:46 PM,12/23/2021 06:02:53 PM,TRUE,NA,NA,NA,NA,NA,NA,NA
Web Link 1,13221577419,411980487,12/23/2021 05:58:34 PM,12/23/2021 05:58:47 PM,TRUE,NA,NA,NA,NA,NA,NA,NA
Web Link 1,13221576985,411980487,12/23/2021 05:58:20 PM,12/23/2021 05:58:39 PM,TRUE,NA,NA,NA,NA,NA,NA,NA
Web Link 1,13221572367,411980487,12/23/2021 05:55:20 PM,12/23/2021 05:55:36 PM,TRUE,NA,NA,NA,NA,NA,NA,NA
Web Link 1,13221570457,411980487,12/23/2021 05:54:16 PM,12/23/2021 05:55:28 PM,TRUE,agentive,1,400,2,21,female,1
Web Link 1,13221567896,411980487,12/23/2021 05:52:31 PM,12/23/2021 05:55:09 PM,TRUE,agentive,1,0,4,19,female,1
Web Link 1,13221561819,411980487,12/23/2021 05:48:18 PM,12/23/2021 05:51:21 PM,TRUE,nonagentive,4,3400,7,18,female,1
Web Link 1,13221563711,411980487,12/23/2021 05:49:53 PM,12/23/2021 05:50:02 PM,TRUE,NA,NA,NA,NA,NA,NA,NA
Web Link 1,13221559656,411980487,12/23/2021 05:46:46 PM,12/23/2021 05:49:37 PM,TRUE,nonagentive,7,0,7,21,male,2
Web Link 1,13221554020,411980487,12/23/2021 05:43:35 PM,12/23/2021 05:46:39 PM,TRUE,agentive,1,425,4,21,female,1
Web Link 1,13221554341,411980487,12/23/2021 05:43:49 PM,12/23/2021 05:46:12 PM,TRUE,agentive,7,3400,5,20,male,1
Web Link 1,13221556117,411980487,12/23/2021 05:45:00 PM,12/23/2021 05:45:07 PM,TRUE,NA,NA,NA,NA,NA,NA,NA
Web Link 1,13221555787,411980487,12/23/2021 05:44:45 PM,12/23/2021 05:44:55 PM,TRUE,NA,NA,NA,NA,NA,NA,NA
Web Link 1,13221543383,411980487,12/23/2021 05:36:56 PM,12/23/2021 05:37:54 PM,TRUE,agentive,4,1000,3,19,female,1
Web Link 1,13221535417,411980487,12/23/2021 05:31:49 PM,12/23/2021 05:33:43 PM,TRUE,nonagentive,7,3400,6,37,female,1
Web Link 1,13221526203,411980487,12/23/2021 05:25:51 PM,12/23/2021 05:29:03 PM,TRUE,agentive,1,NA,1,19,male,1
Web Link 1,13221523016,411980487,12/23/2021 05:23:47 PM,12/23/2021 05:27:00 PM,TRUE,nonagentive,7,0,7,19,male,1
Web Link 1,13221523159,411980487,12/23/2021 05:23:21 PM,12/23/2021 05:26:22 PM,TRUE,nonagentive,7,3400,5,19,male,1
Web Link 1,13221520216,411980487,12/23/2021 05:21:58 PM,12/23/2021 05:23:39 PM,TRUE,nonagentive,7,3400,5,19,male,1
Web Link 1,13221520013,411980487,12/23/2021 05:21:56 PM,12/23/2021 05:22:48 PM,TRUE,agentive,4,10000,2,NA,male,2
Web Link 1,13221513977,411980487,12/23/2021 05:17:30 PM,12/23/2021 05:20:20 PM,TRUE,agentive,1,3400,7,20,male,1
Web Link 1,13221482723,411980487,12/23/2021 04:58:45 PM,12/23/2021 05:04:36 PM,TRUE,nonagentive,7,0,2,19,female,1
Web Link 1,13221480118,411980487,12/23/2021 04:56:19 PM,12/23/2021 05:01:02 PM,TRUE,agentive,7,2975,5,19,female,1
Web Link 1,13221478223,411980487,12/23/2021 04:55:56 PM,12/23/2021 05:00:27 PM,TRUE,nonagentive,1,425,2,19,female,1
Web Link 1,13221480943,411980487,12/23/2021 04:57:41 PM,12/23/2021 04:59:23 PM,TRUE,nonagentive,1,400,3,19,male,1
Web Link 1,13221475566,411980487,12/23/2021 04:54:23 PM,12/23/2021 04:59:07 PM,TRUE,nonagentive,4,1700,4,19,female,1
Web Link 1,13221480791,411980487,12/23/2021 04:57:44 PM,12/23/2021 04:59:05 PM,TRUE,agentive,4,1700,5,19,male,1
Web Link 1,13221480931,411980487,12/23/2021 04:57:52 PM,12/23/2021 04:57:59 PM,TRUE,NA,NA,NA,NA,NA,NA,NA
Web Link 1,13221479203,411980487,12/23/2021 04:56:44 PM,12/23/2021 04:56:56 PM,TRUE,NA,NA,NA,NA,NA,NA,NA
Web Link 1,13221473377,411980487,12/23/2021 04:53:01 PM,12/23/2021 04:54:14 PM,TRUE,agentive,4,1700,7,19,male,1
Web Link 1,13221467885,411980487,12/23/2021 04:49:24 PM,12/23/2021 04:50:57 PM,TRUE,nonagentive,7,2975,6,20,female,1
Web Link 1,13221428612,411980487,12/23/2021 04:23:23 PM,12/23/2021 04:24:05 PM,TRUE,NA,NA,NA,NA,NA,NA,NA
Web Link 1,13221402253,411980487,12/23/2021 04:07:28 PM,12/23/2021 04:09:26 PM,TRUE,nonagentive,7,3100,7,21,female,1
Web Link 1,13221388170,411980487,12/23/2021 03:59:08 PM,12/23/2021 04:00:52 PM,TRUE,nonagentive,4,1889,5,20,male,1
Web Link 1,13221380829,411980487,12/23/2021 03:53:59 PM,12/23/2021 03:56:21 PM,TRUE,agentive,7,2000,7,21,female,1
Web Link 1,13221376483,411980487,12/23/2021 03:51:36 PM,12/23/2021 03:53:13 PM,TRUE,nonagentive,4,2000,3,20,female,2
Web Link 1,13221374946,411980487,12/23/2021 03:50:35 PM,12/23/2021 03:52:19 PM,TRUE,nonagentive,4,1700,4,18,female,1
Web Link 1,13221204014,411980487,12/23/2021 01:59:46 PM,12/23/2021 03:38:53 PM,TRUE,nonagentive,1,375,2,21,female,1
Web Link 1,13221308100,411980487,12/23/2021 03:08:55 PM,12/23/2021 03:11:29 PM,TRUE,nonagentive,7,2975,2,19,female,1
Web Link 1,13221302931,411980487,12/23/2021 03:05:41 PM,12/23/2021 03:07:46 PM,TRUE,agentive,4,0,1,23,female,1
Web Link 1,13221277061,411980487,12/23/2021 02:48:17 PM,12/23/2021 02:51:37 PM,TRUE,nonagentive,7,3400,4,19,female,1
Web Link 1,13221258284,411980487,12/23/2021 02:34:47 PM,12/23/2021 02:41:01 PM,TRUE,nonagentive,7,3400,7,20,male,1
Web Link 1,13221247550,411980487,12/23/2021 02:28:26 PM,12/23/2021 02:31:21 PM,TRUE,agentive,1,0,2,22,female,1
Web Link 1,13221235310,411980487,12/23/2021 02:20:19 PM,12/23/2021 02:22:57 PM,TRUE,nonagentive,7,2975,7,19,male,1
Web Link 1,13221234363,411980487,12/23/2021 02:19:41 PM,12/23/2021 02:21:12 PM,TRUE,nonagentive,4,0,4,21,female,1
Web Link 1,13221228060,411980487,12/23/2021 02:15:24 PM,12/23/2021 02:16:53 PM,TRUE,nonagentive,7,2975,1,21,male,1
Web Link 1,13221222563,411980487,12/23/2021 02:11:44 PM,12/23/2021 02:14:21 PM,TRUE,nonagentive,7,2975,1,21,male,1
Web Link 1,13221215991,411980487,12/23/2021 02:07:33 PM,12/23/2021 02:07:45 PM,TRUE,NA,NA,NA,NA,NA,NA,NA
Web Link 1,13221209615,411980487,12/23/2021 02:03:25 PM,12/23/2021 02:03:33 PM,TRUE,NA,NA,NA,NA,NA,NA,NA
Web Link 1,13221204456,411980487,12/23/2021 01:59:44 PM,12/23/2021 02:02:11 PM,TRUE,nonagentive,7,3000,7,18,male,1
Web Link 1,13221196729,411980487,12/23/2021 01:54:37 PM,12/23/2021 02:01:11 PM,TRUE,nonagentive,7,0,4,19,female,1
Web Link 1,13221196760,411980487,12/23/2021 01:54:40 PM,12/23/2021 01:56:53 PM,TRUE,agentive,4,1700,4,20,female,1
Web Link 1,13221193606,411980487,12/23/2021 01:51:14 PM,12/23/2021 01:56:16 PM,TRUE,agentive,4,3400,7,22,male,1
Web Link 1,13221194526,411980487,12/23/2021 01:53:04 PM,12/23/2021 01:53:11 PM,TRUE,NA,NA,NA,NA,NA,NA,NA
Web Link 1,13221177875,411980487,12/23/2021 01:41:42 PM,12/23/2021 01:50:51 PM,TRUE,nonagentive,1,1000,3,19,female,1
Web Link 1,13221182238,411980487,12/23/2021 01:44:52 PM,12/23/2021 01:46:35 PM,TRUE,agentive,4,1700,6,19,male,1
Web Link 1,13221151465,411980487,12/23/2021 01:22:50 PM,12/23/2021 01:24:42 PM,TRUE,nonagentive,4,1500,4,26,female,1
Web Link 1,13221133362,411980487,12/23/2021 01:10:51 PM,12/23/2021 01:11:03 PM,TRUE,NA,NA,NA,NA,NA,NA,NA
Web Link 1,13221122644,411980487,12/23/2021 01:02:41 PM,12/23/2021 01:05:24 PM,TRUE,agentive,1,400,4,19,female,1
Web Link 1,13221123097,411980487,12/23/2021 01:03:19 PM,12/23/2021 01:04:18 PM,TRUE,agentive,7,3400,7,NA,NA,NA
Web Link 1,13221117307,411980487,12/23/2021 12:59:07 PM,12/23/2021 01:01:49 PM,TRUE,agentive,1,425,3,21,female,1
Web Link 1,13221117429,411980487,12/23/2021 12:59:14 PM,12/23/2021 01:01:21 PM,TRUE,nonagentive,7,0,3,19,female,1
Web Link 1,13221116576,411980487,12/23/2021 12:58:29 PM,12/23/2021 12:59:37 PM,TRUE,agentive,1,0,4,30,female,1
Web Link 1,13221113320,411980487,12/23/2021 12:55:33 PM,12/23/2021 12:58:35 PM,TRUE,agentive,1,500,4,20,male,1
Web Link 1,13221112478,411980487,12/23/2021 12:55:21 PM,12/23/2021 12:57:39 PM,TRUE,agentive,1,500,5,19,female,1
Web Link 1,13221110359,411980487,12/23/2021 12:53:40 PM,12/23/2021 12:56:35 PM,TRUE,nonagentive,7,2975,3,20,female,1
Web Link 1,13221108810,411980487,12/23/2021 12:52:28 PM,12/23/2021 12:52:38 PM,TRUE,NA,NA,NA,NA,NA,NA,NA
Web Link 1,13221107022,411980487,12/23/2021 12:51:11 PM,12/23/2021 12:52:37 PM,TRUE,nonagentive,7,3400,4,18,female,1
Web Link 1,13221104869,411980487,12/23/2021 12:49:30 PM,12/23/2021 12:52:23 PM,TRUE,nonagentive,1,425,3,18,female,1
Web Link 1,13221108105,411980487,12/23/2021 12:52:00 PM,12/23/2021 12:52:07 PM,TRUE,NA,NA,NA,NA,NA,NA,NA
Web Link 1,13221104342,411980487,12/23/2021 12:49:13 PM,12/23/2021 12:51:03 PM,TRUE,nonagentive,4,3400,4,19,female,1
Web Link 1,13221103005,411980487,12/23/2021 12:47:59 PM,12/23/2021 12:49:57 PM,TRUE,nonagentive,7,2975,NA,NA,NA,NA
Web Link 1,13220750980,411980487,12/23/2021 07:57:17 AM,12/23/2021 12:49:56 PM,TRUE,nonagentive,4,3400,6,19,female,1
Web Link 1,13221104391,411980487,12/23/2021 12:49:16 PM,12/23/2021 12:49:22 PM,TRUE,NA,NA,NA,NA,NA,NA,NA
Web Link 1,13221102071,411980487,12/23/2021 12:47:39 PM,12/23/2021 12:49:15 PM,TRUE,agentive,4,1700,7,18,female,1
Web Link 1,13221102451,411980487,12/23/2021 12:47:48 PM,12/23/2021 12:47:59 PM,TRUE,NA,NA,NA,NA,NA,NA,NA
Web Link 1,13221082157,411980487,12/23/2021 12:32:21 PM,12/23/2021 12:36:29 PM,TRUE,agentive,4,1700,2,18,male,1
Web Link 1,13221057997,411980487,12/23/2021 12:14:41 PM,12/23/2021 12:16:17 PM,TRUE,agentive,1,3400,7,21,female,1
Web Link 1,13221020157,411980487,12/23/2021 11:46:17 AM,12/23/2021 11:47:40 AM,TRUE,agentive,4,1700,5,19,female,1
Web Link 1,13221014703,411980487,12/23/2021 11:41:24 AM,12/23/2021 11:46:41 AM,TRUE,agentive,4,3400,6,21,male,1
Web Link 1,13221007882,411980487,12/23/2021 11:36:28 AM,12/23/2021 11:38:31 AM,TRUE,agentive,4,500,3,18,male,1
Web Link 1,13221005457,411980487,12/23/2021 11:34:43 AM,12/23/2021 11:36:22 AM,TRUE,agentive,4,2550,6,18,male,1
Web Link 1,13220983060,411980487,12/23/2021 11:16:47 AM,12/23/2021 11:19:41 AM,TRUE,nonagentive,7,3400,4,20,male,1
Web Link 1,13220970377,411980487,12/23/2021 11:06:43 AM,12/23/2021 11:08:56 AM,TRUE,nonagentive,1,3400,1,18,female,1
Web Link 1,13220956198,411980487,12/23/2021 10:56:01 AM,12/23/2021 10:57:29 AM,TRUE,nonagentive,4,0,4,21,female,1
Web Link 1,13220953254,411980487,12/23/2021 10:53:06 AM,12/23/2021 10:56:08 AM,TRUE,nonagentive,7,3000,5,19,female,1
Web Link 1,13220802856,411980487,12/23/2021 08:48:21 AM,12/23/2021 10:40:28 AM,TRUE,agentive,1,800,5,19,female,1
Web Link 1,13220916888,411980487,12/23/2021 10:24:54 AM,12/23/2021 10:40:04 AM,TRUE,agentive,4,1700,5,24,female,1
Web Link 1,13220928630,411980487,12/23/2021 10:34:22 AM,12/23/2021 10:38:37 AM,TRUE,nonagentive,7,1275,3,18,male,1
Web Link 1,13220900464,411980487,12/23/2021 10:10:49 AM,12/23/2021 10:31:41 AM,TRUE,agentive,4,1700,3,21,male,1
Web Link 1,13220919828,411980487,12/23/2021 10:27:21 AM,12/23/2021 10:30:19 AM,TRUE,nonagentive,1,3400,7,24,female,1
Web Link 1,13220918547,411980487,12/23/2021 10:26:23 AM,12/23/2021 10:29:01 AM,TRUE,nonagentive,1,690,7,19,female,1
Web Link 1,13220915141,411980487,12/23/2021 10:23:44 AM,12/23/2021 10:25:36 AM,TRUE,agentive,4,NA,3,25,male,1
Web Link 1,13220909140,411980487,12/23/2021 10:19:06 AM,12/23/2021 10:20:31 AM,TRUE,nonagentive,1,0,1,24,female,1
Web Link 1,13220899180,411980487,12/23/2021 10:10:49 AM,12/23/2021 10:19:23 AM,TRUE,nonagentive,1,425,4,18,female,1
Web Link 1,13220899441,411980487,12/23/2021 10:11:03 AM,12/23/2021 10:14:13 AM,TRUE,agentive,1,425,5,19,female,1
Web Link 1,13220898336,411980487,12/23/2021 10:10:02 AM,12/23/2021 10:12:20 AM,TRUE,agentive,7,3400,7,20,female,1
Web Link 1,13220893786,411980487,12/23/2021 10:06:31 AM,12/23/2021 10:09:24 AM,TRUE,agentive,7,NA,7,20,female,1
Web Link 1,13220892021,411980487,12/23/2021 10:05:24 AM,12/23/2021 10:07:30 AM,TRUE,nonagentive,4,1700,7,19,female,1
Web Link 1,13220890588,411980487,12/23/2021 10:04:17 AM,12/23/2021 10:06:54 AM,TRUE,agentive,1,0,4,21,male,1
Web Link 1,13220867721,411980487,12/23/2021 09:45:37 AM,12/23/2021 09:47:22 AM,TRUE,nonagentive,7,3000,5,19,female,1
Web Link 1,13220835325,411980487,12/23/2021 09:17:37 AM,12/23/2021 09:21:40 AM,TRUE,agentive,1,NA,4,19,male,1
Web Link 1,13220835409,411980487,12/23/2021 09:17:05 AM,12/23/2021 09:21:16 AM,TRUE,nonagentive,1,400,6,19,female,1
Web Link 1,13220835403,411980487,12/23/2021 09:17:44 AM,12/23/2021 09:17:49 AM,TRUE,NA,NA,NA,NA,NA,NA,NA
Web Link 1,13220823910,411980487,12/23/2021 09:07:47 AM,12/23/2021 09:11:23 AM,TRUE,nonagentive,7,3400,5,20,female,1
Web Link 1,13220822848,411980487,12/23/2021 09:07:01 AM,12/23/2021 09:07:06 AM,TRUE,NA,NA,NA,NA,NA,NA,NA
Web Link 1,13220817383,411980487,12/23/2021 09:02:02 AM,12/23/2021 09:04:10 AM,TRUE,agentive,4,0,7,19,female,1
Web Link 1,13220792841,411980487,12/23/2021 08:39:12 AM,12/23/2021 08:41:50 AM,TRUE,nonagentive,7,1000,7,21,male,1
Web Link 1,13220793127,411980487,12/23/2021 08:39:22 AM,12/23/2021 08:41:18 AM,TRUE,nonagentive,7,2975,3,18,female,1
Web Link 1,13220748993,411980487,12/23/2021 07:54:59 AM,12/23/2021 07:55:15 AM,TRUE,NA,NA,NA,NA,NA,NA,NA
Web Link 1,13219496599,411980487,12/22/2021 05:42:32 PM,12/23/2021 07:40:11 AM,TRUE,agentive,1,0,1,21,female,1
Web Link 1,13220726760,411980487,12/23/2021 07:31:34 AM,12/23/2021 07:31:47 AM,TRUE,NA,NA,NA,NA,NA,NA,NA
Web Link 1,13220620164,411980487,12/23/2021 05:31:48 AM,12/23/2021 05:33:40 AM,TRUE,nonagentive,1,0,2,18,male,1
Web Link 1,13220528679,411980487,12/23/2021 04:00:47 AM,12/23/2021 04:01:01 AM,TRUE,NA,NA,NA,NA,NA,NA,NA
Web Link 1,13220463183,411980487,12/23/2021 02:59:05 AM,12/23/2021 03:01:12 AM,TRUE,agentive,4,1700,7,NA,male,1
Web Link 1,13219937269,411980487,12/22/2021 09:40:50 PM,12/23/2021 02:59:55 AM,TRUE,nonagentive,1,3400,7,20,female,1
Web Link 1,13220353064,411980487,12/23/2021 01:32:17 AM,12/23/2021 01:32:31 AM,TRUE,NA,NA,NA,NA,NA,NA,NA
Web Link 1,13219203857,411980487,12/22/2021 03:21:14 PM,12/23/2021 12:51:20 AM,TRUE,nonagentive,4,1700,1,20,female,1
Web Link 1,13220159629,411980487,12/22/2021 11:47:28 PM,12/22/2021 11:49:37 PM,TRUE,agentive,1,1000,4,20,male,1
Web Link 1,13220157366,411980487,12/22/2021 11:46:25 PM,12/22/2021 11:48:14 PM,TRUE,nonagentive,7,3400,7,19,male,1
Web Link 1,13220127519,411980487,12/22/2021 11:31:56 PM,12/22/2021 11:34:13 PM,TRUE,nonagentive,4,1200,3,22,female,1
Web Link 1,13220129645,411980487,12/22/2021 11:32:38 PM,12/22/2021 11:33:07 PM,TRUE,NA,NA,NA,NA,NA,NA,NA
Web Link 1,13220122205,411980487,12/22/2021 11:29:20 PM,12/22/2021 11:30:43 PM,TRUE,agentive,4,0,5,21,female,1
Web Link 1,13220115731,411980487,12/22/2021 11:25:47 PM,12/22/2021 11:25:54 PM,TRUE,NA,NA,NA,NA,NA,NA,NA
Web Link 1,13220108946,411980487,12/22/2021 11:21:51 PM,12/22/2021 11:22:10 PM,TRUE,NA,NA,NA,NA,NA,NA,NA
Web Link 1,13220101508,411980487,12/22/2021 11:17:36 PM,12/22/2021 11:18:42 PM,TRUE,agentive,7,3100,7,18,female,1
Web Link 1,13220099180,411980487,12/22/2021 11:16:37 PM,12/22/2021 11:18:31 PM,TRUE,agentive,7,1000,4,20,female,1
Web Link 1,13220091944,411980487,12/22/2021 11:12:10 PM,12/22/2021 11:14:54 PM,TRUE,nonagentive,7,2975,4,20,female,1
Web Link 1,13220060533,411980487,12/22/2021 10:54:41 PM,12/22/2021 10:54:56 PM,TRUE,NA,NA,NA,NA,NA,NA,NA
Web Link 1,13220048194,411980487,12/22/2021 10:46:57 PM,12/22/2021 10:49:41 PM,TRUE,nonagentive,7,3400,5,21,female,1
Web Link 1,13220034813,411980487,12/22/2021 10:39:04 PM,12/22/2021 10:43:57 PM,TRUE,nonagentive,7,3400,7,20,male,1
Web Link 1,13220040433,411980487,12/22/2021 10:42:25 PM,12/22/2021 10:42:43 PM,TRUE,NA,NA,NA,NA,NA,NA,NA
Web Link 1,13220035172,411980487,12/22/2021 10:39:34 PM,12/22/2021 10:42:03 PM,TRUE,nonagentive,7,NA,NA,NA,NA,NA
Web Link 1,13220031650,411980487,12/22/2021 10:37:28 PM,12/22/2021 10:39:51 PM,TRUE,nonagentive,7,200,3,21,female,1
Web Link 1,13220027599,411980487,12/22/2021 10:34:52 PM,12/22/2021 10:38:46 PM,TRUE,agentive,1,0,3,20,male,1
Web Link 1,13219915817,411980487,12/22/2021 09:27:53 PM,12/22/2021 10:38:27 PM,TRUE,agentive,4,0,5,19,male,1
Web Link 1,13220030256,411980487,12/22/2021 10:36:21 PM,12/22/2021 10:36:51 PM,TRUE,NA,NA,NA,NA,NA,NA,NA
Web Link 1,13220012705,411980487,12/22/2021 10:26:40 PM,12/22/2021 10:28:54 PM,TRUE,nonagentive,4,0,6,23,female,1
Web Link 1,13219691751,411980487,12/22/2021 07:20:01 PM,12/22/2021 10:28:35 PM,TRUE,agentive,7,2000,4,19,female,1
Web Link 1,13220010005,411980487,12/22/2021 10:24:58 PM,12/22/2021 10:26:25 PM,TRUE,NA,NA,NA,NA,NA,NA,NA
Web Link 1,13220006137,411980487,12/22/2021 10:22:39 PM,12/22/2021 10:25:04 PM,TRUE,nonagentive,4,1000,2,20,male,1
Web Link 1,13220002534,411980487,12/22/2021 10:20:07 PM,12/22/2021 10:22:27 PM,TRUE,agentive,1,0,3,20,female,1
Web Link 1,13220003847,411980487,12/22/2021 10:21:13 PM,12/22/2021 10:21:33 PM,TRUE,NA,NA,NA,NA,NA,NA,NA
Web Link 1,13220002335,411980487,12/22/2021 10:20:27 PM,12/22/2021 10:20:38 PM,TRUE,NA,NA,NA,NA,NA,NA,NA
Web Link 1,13219994344,411980487,12/22/2021 10:15:39 PM,12/22/2021 10:20:00 PM,TRUE,nonagentive,4,3400,7,19,male,1
Web Link 1,13219995087,411980487,12/22/2021 10:16:02 PM,12/22/2021 10:17:32 PM,TRUE,agentive,1,500,2,21,male,1
Web Link 1,13219992178,411980487,12/22/2021 10:14:25 PM,12/22/2021 10:16:23 PM,TRUE,nonagentive,7,2975,4,22,female,1
Web Link 1,13219990347,411980487,12/22/2021 10:13:10 PM,12/22/2021 10:16:11 PM,TRUE,agentive,7,2800,2,20,female,1
Web Link 1,13219984315,411980487,12/22/2021 10:09:33 PM,12/22/2021 10:12:05 PM,TRUE,agentive,7,2975,6,20,female,1
Web Link 1,13219962012,411980487,12/22/2021 09:54:55 PM,12/22/2021 10:11:33 PM,TRUE,nonagentive,7,2975,7,19,female,1
Web Link 1,13219980605,411980487,12/22/2021 10:06:14 PM,12/22/2021 10:11:14 PM,TRUE,agentive,4,3400,6,20,male,1
Web Link 1,13219982443,411980487,12/22/2021 10:07:32 PM,12/22/2021 10:10:06 PM,TRUE,agentive,7,3400,6,23,female,1
Web Link 1,13219971870,411980487,12/22/2021 10:02:09 PM,12/22/2021 10:09:52 PM,TRUE,nonagentive,1,1700,6,22,female,1
Web Link 1,13219974207,411980487,12/22/2021 10:03:24 PM,12/22/2021 10:03:36 PM,TRUE,NA,NA,NA,NA,NA,NA,NA
Web Link 1,13219968337,411980487,12/22/2021 09:59:58 PM,12/22/2021 10:00:07 PM,TRUE,NA,NA,NA,NA,NA,NA,NA
Web Link 1,13219966851,411980487,12/22/2021 09:58:57 PM,12/22/2021 09:59:50 PM,TRUE,nonagentive,7,500,1,23,female,1
Web Link 1,13219964496,411980487,12/22/2021 09:57:26 PM,12/22/2021 09:59:35 PM,TRUE,nonagentive,4,1700,6,20,male,1
Web Link 1,13219961073,411980487,12/22/2021 09:55:04 PM,12/22/2021 09:58:26 PM,TRUE,agentive,1,500,5,20,female,1
Web Link 1,13219961308,411980487,12/22/2021 09:55:28 PM,12/22/2021 09:57:47 PM,TRUE,nonagentive,1,425,7,20,male,1
Web Link 1,13219956301,411980487,12/22/2021 09:51:29 PM,12/22/2021 09:57:32 PM,TRUE,agentive,7,0,3,20,female,1
Web Link 1,13219960601,411980487,12/22/2021 09:55:06 PM,12/22/2021 09:57:26 PM,TRUE,agentive,1,425,7,20,female,1
Web Link 1,13219920042,411980487,12/22/2021 09:30:34 PM,12/22/2021 09:56:52 PM,TRUE,nonagentive,1,425,2,NA,NA,NA
Web Link 1,13219956953,411980487,12/22/2021 09:52:43 PM,12/22/2021 09:53:47 PM,TRUE,agentive,7,425,3,18,male,1
Web Link 1,13219956144,411980487,12/22/2021 09:52:07 PM,12/22/2021 09:52:38 PM,TRUE,nonagentive,7,3400,2,NA,NA,NA
Web Link 1,13219955369,411980487,12/22/2021 09:51:48 PM,12/22/2021 09:51:54 PM,TRUE,NA,NA,NA,NA,NA,NA,NA
Web Link 1,13219955335,411980487,12/22/2021 09:51:42 PM,12/22/2021 09:51:53 PM,TRUE,NA,NA,NA,NA,NA,NA,NA
Web Link 1,13219946800,411980487,12/22/2021 09:46:33 PM,12/22/2021 09:49:20 PM,TRUE,nonagentive,4,3400,3,20,male,1
Web Link 1,13219948192,411980487,12/22/2021 09:47:24 PM,12/22/2021 09:49:19 PM,TRUE,nonagentive,1,0,3,21,female,1
Web Link 1,13219944281,411980487,12/22/2021 09:45:01 PM,12/22/2021 09:47:43 PM,TRUE,nonagentive,4,3500,6,20,female,1
Web Link 1,13219942099,411980487,12/22/2021 09:43:47 PM,12/22/2021 09:45:28 PM,TRUE,agentive,7,3400,7,19,female,1
Web Link 1,13219929851,411980487,12/22/2021 09:36:15 PM,12/22/2021 09:43:07 PM,TRUE,agentive,4,1700,7,19,female,1
Web Link 1,13219933762,411980487,12/22/2021 09:38:40 PM,12/22/2021 09:42:08 PM,TRUE,nonagentive,7,2975,6,19,female,1
Web Link 1,13219931599,411980487,12/22/2021 09:36:45 PM,12/22/2021 09:39:28 PM,TRUE,nonagentive,4,3400,7,21,male,1
Web Link 1,13217307435,411980487,12/21/2021 07:05:45 PM,12/22/2021 09:38:32 PM,TRUE,agentive,4,0,4,19,female,1
Web Link 1,13219932532,411980487,12/22/2021 09:38:01 PM,12/22/2021 09:38:10 PM,TRUE,NA,NA,NA,NA,NA,NA,NA
Web Link 1,13219922167,411980487,12/22/2021 09:31:27 PM,12/22/2021 09:34:59 PM,TRUE,agentive,1,425,7,18,female,1
Web Link 1,13219922416,411980487,12/22/2021 09:31:45 PM,12/22/2021 09:34:12 PM,TRUE,agentive,1,500,3,23,female,1
Web Link 1,13219924450,411980487,12/22/2021 09:33:00 PM,12/22/2021 09:33:20 PM,TRUE,NA,NA,NA,NA,NA,NA,NA
Web Link 1,13219922307,411980487,12/22/2021 09:31:56 PM,12/22/2021 09:32:06 PM,TRUE,NA,NA,NA,NA,NA,NA,NA
Web Link 1,13219918417,411980487,12/22/2021 09:29:32 PM,12/22/2021 09:30:43 PM,TRUE,agentive,4,1700,5,22,male,1
Web Link 1,13217243022,411980487,12/21/2021 06:36:52 PM,12/22/2021 09:28:51 PM,TRUE,agentive,4,1700,3,19,female,1
Web Link 1,13219914118,411980487,12/22/2021 09:26:53 PM,12/22/2021 09:28:00 PM,TRUE,nonagentive,4,400,2,19,female,1
Web Link 1,13219912850,411980487,12/22/2021 09:26:09 PM,12/22/2021 09:26:45 PM,TRUE,agentive,4,2500,6,23,female,1
Web Link 1,13219913537,411980487,12/22/2021 09:26:27 PM,12/22/2021 09:26:39 PM,TRUE,NA,NA,NA,NA,NA,NA,NA
Web Link 1,13219908881,411980487,12/22/2021 09:23:32 PM,12/22/2021 09:25:51 PM,TRUE,nonagentive,4,3400,6,21,female,1
Web Link 1,13219910510,411980487,12/22/2021 09:24:43 PM,12/22/2021 09:25:21 PM,TRUE,nonagentive,1,1500,5,24,male,1
Web Link 1,13219901768,411980487,12/22/2021 09:18:23 PM,12/22/2021 09:24:09 PM,TRUE,agentive,1,1800,7,18,female,1
Web Link 1,13219902658,411980487,12/22/2021 09:18:11 PM,12/22/2021 09:23:26 PM,TRUE,nonagentive,1,200,3,19,female,1
Web Link 1,13219903994,411980487,12/22/2021 09:20:51 PM,12/22/2021 09:23:19 PM,TRUE,agentive,7,1000,4,22,male,1
Web Link 1,13219888053,411980487,12/22/2021 09:11:01 PM,12/22/2021 09:23:15 PM,TRUE,agentive,1,300,4,22,male,1
Web Link 1,13219901611,411980487,12/22/2021 09:19:15 PM,12/22/2021 09:22:17 PM,TRUE,agentive,4,1700,5,19,female,1
Web Link 1,13219888158,411980487,12/22/2021 09:10:54 PM,12/22/2021 09:13:17 PM,TRUE,agentive,4,1700,3,22,female,1
Web Link 1,13219890414,411980487,12/22/2021 09:12:26 PM,12/22/2021 09:12:37 PM,TRUE,NA,NA,NA,NA,NA,NA,NA
Web Link 1,13219887594,411980487,12/22/2021 09:10:36 PM,12/22/2021 09:12:26 PM,TRUE,agentive,7,2500,7,19,male,1
Web Link 1,13219881515,411980487,12/22/2021 09:06:55 PM,12/22/2021 09:10:52 PM,TRUE,agentive,7,2975,3,21,male,1
Web Link 1,13219879749,411980487,12/22/2021 05:11:38 PM,12/22/2021 09:06:09 PM,TRUE,NA,NA,NA,NA,NA,NA,NA
Web Link 1,13219861872,411980487,12/22/2021 08:55:04 PM,12/22/2021 09:00:23 PM,TRUE,nonagentive,7,500,4,NA,NA,NA
Web Link 1,13219832931,411980487,12/22/2021 08:37:26 PM,12/22/2021 08:41:23 PM,TRUE,agentive,4,1700,3,19,female,1
Web Link 1,13219809482,411980487,12/22/2021 08:22:58 PM,12/22/2021 08:31:45 PM,TRUE,agentive,1,0,1,19,female,1
Web Link 1,13219814661,411980487,12/22/2021 08:26:58 PM,12/22/2021 08:30:28 PM,TRUE,nonagentive,7,0,1,19,female,1
Web Link 1,13219781608,411980487,12/22/2021 08:07:45 PM,12/22/2021 08:13:45 PM,TRUE,nonagentive,1,3400,6,21,male,1
Web Link 1,13219782788,411980487,12/22/2021 08:08:31 PM,12/22/2021 08:10:42 PM,TRUE,agentive,7,3400,5,18,male,1
Web Link 1,13219775707,411980487,12/22/2021 08:04:41 PM,12/22/2021 08:04:49 PM,TRUE,NA,NA,NA,NA,NA,NA,NA
Web Link 1,13219768001,411980487,12/22/2021 08:00:27 PM,12/22/2021 08:03:14 PM,TRUE,nonagentive,7,3000,2,19,female,1
Web Link 1,13219755857,411980487,12/22/2021 07:53:56 PM,12/22/2021 07:54:38 PM,TRUE,nonagentive,4,666,4,28,male,1
Web Link 1,13219738676,411980487,12/22/2021 07:42:26 PM,12/22/2021 07:51:56 PM,TRUE,nonagentive,1,1700,3,19,male,1
Web Link 1,13219738836,411980487,12/22/2021 07:44:06 PM,12/22/2021 07:46:47 PM,TRUE,agentive,4,1700,5,23,female,1
Web Link 1,13219733755,411980487,12/22/2021 07:40:42 PM,12/22/2021 07:45:29 PM,TRUE,agentive,4,1200,7,NA,male,1
Web Link 1,13219723980,411980487,12/22/2021 07:36:05 PM,12/22/2021 07:39:25 PM,TRUE,agentive,1,425,4,20,female,1
Web Link 1,13219722728,411980487,12/22/2021 07:35:33 PM,12/22/2021 07:39:21 PM,TRUE,agentive,4,1700,4,20,male,1
Web Link 1,13219706016,411980487,12/22/2021 07:27:00 PM,12/22/2021 07:27:11 PM,TRUE,NA,NA,NA,NA,NA,NA,NA
Web Link 1,13219693365,411980487,12/22/2021 07:20:18 PM,12/22/2021 07:25:19 PM,TRUE,nonagentive,7,3000,4,22,female,1
Web Link 1,13219691823,411980487,12/22/2021 07:20:00 PM,12/22/2021 07:23:09 PM,TRUE,agentive,1,1000,3,19,female,1
Web Link 1,13219681864,411980487,12/22/2021 07:15:05 PM,12/22/2021 07:16:06 PM,TRUE,nonagentive,7,3400,3,21,male,2
Web Link 1,13219384891,411980487,12/22/2021 04:49:19 PM,12/22/2021 07:02:36 PM,TRUE,nonagentive,4,3400,4,18,male,1
Web Link 1,13219639561,411980487,12/22/2021 06:54:03 PM,12/22/2021 06:58:14 PM,TRUE,agentive,4,1700,7,19,female,1
Web Link 1,13219624414,411980487,12/22/2021 06:46:28 PM,12/22/2021 06:49:38 PM,TRUE,agentive,1,425,5,19,female,1
Web Link 1,13219605858,411980487,12/22/2021 06:37:27 PM,12/22/2021 06:37:38 PM,TRUE,NA,NA,NA,NA,NA,NA,NA
Web Link 1,13219604419,411980487,12/22/2021 06:36:52 PM,12/22/2021 06:36:58 PM,TRUE,NA,NA,NA,NA,NA,NA,NA
Web Link 1,13219601600,411980487,12/22/2021 06:35:24 PM,12/22/2021 06:35:32 PM,TRUE,NA,NA,NA,NA,NA,NA,NA
Web Link 1,13219601215,411980487,12/22/2021 06:35:11 PM,12/22/2021 06:35:20 PM,TRUE,NA,NA,NA,NA,NA,NA,NA
Web Link 1,13219593502,411980487,12/22/2021 06:30:19 PM,12/22/2021 06:34:59 PM,TRUE,nonagentive,4,3400,5,20,female,1
Web Link 1,13219566981,411980487,12/22/2021 06:17:39 PM,12/22/2021 06:31:44 PM,TRUE,agentive,7,3400,3,20,male,1
Web Link 1,13219588366,411980487,12/22/2021 06:28:18 PM,12/22/2021 06:30:16 PM,TRUE,nonagentive,1,3400,7,20,female,1
Web Link 1,13219587082,411980487,12/22/2021 06:27:50 PM,12/22/2021 06:28:01 PM,TRUE,NA,NA,NA,NA,NA,NA,NA
Web Link 1,13219580353,411980487,12/22/2021 06:24:23 PM,12/22/2021 06:26:32 PM,TRUE,nonagentive,7,3400,7,18,female,1
Web Link 1,13219579442,411980487,12/22/2021 06:23:58 PM,12/22/2021 06:26:04 PM,TRUE,agentive,7,0,2,21,female,1
Web Link 1,13219577439,411980487,12/22/2021 06:22:55 PM,12/22/2021 06:24:53 PM,TRUE,agentive,4,2000,3,21,female,1
Web Link 1,13219573061,411980487,12/22/2021 06:20:46 PM,12/22/2021 06:21:32 PM,TRUE,nonagentive,4,3400,4,22,female,2
Web Link 1,13219573131,411980487,12/22/2021 06:20:29 PM,12/22/2021 06:20:55 PM,TRUE,NA,NA,NA,NA,NA,NA,NA
Web Link 1,13219571307,411980487,12/22/2021 06:19:57 PM,12/22/2021 06:20:04 PM,TRUE,NA,NA,NA,NA,NA,NA,NA
Web Link 1,13219563114,411980487,12/22/2021 06:15:18 PM,12/22/2021 06:17:51 PM,TRUE,nonagentive,7,3400,5,21,male,1
Web Link 1,13219557637,411980487,12/22/2021 06:13:10 PM,12/22/2021 06:17:18 PM,TRUE,agentive,1,485.71,2,19,female,1
Web Link 1,13219556988,411980487,12/22/2021 06:12:30 PM,12/22/2021 06:14:36 PM,TRUE,agentive,1,2000,3,18,female,1
Web Link 1,13219555322,411980487,12/22/2021 06:11:39 PM,12/22/2021 06:14:01 PM,TRUE,agentive,1,2000,2,19,female,1
Web Link 1,13219548871,411980487,12/22/2021 06:08:16 PM,12/22/2021 06:12:13 PM,TRUE,agentive,1,1700,3,19,female,1
Web Link 1,13219547760,411980487,12/22/2021 06:08:07 PM,12/22/2021 06:11:24 PM,TRUE,agentive,7,2975,5,19,female,1
Web Link 1,13219547443,411980487,12/22/2021 06:08:05 PM,12/22/2021 06:10:02 PM,TRUE,nonagentive,1,377.78,2,28,male,1
Web Link 1,13219545430,411980487,12/22/2021 06:06:44 PM,12/22/2021 06:08:46 PM,TRUE,nonagentive,7,500,3,20,female,1
Web Link 1,13219542591,411980487,12/22/2021 06:04:45 PM,12/22/2021 06:08:18 PM,TRUE,agentive,1,3400,2,19,female,1
Web Link 1,13219540132,411980487,12/22/2021 06:04:35 PM,12/22/2021 06:06:56 PM,TRUE,nonagentive,1,425,4,18,female,1
Web Link 1,13219540194,411980487,12/22/2021 06:04:35 PM,12/22/2021 06:06:37 PM,TRUE,agentive,4,1700,6,19,female,1
Web Link 1,13219521776,411980487,12/22/2021 05:55:13 PM,12/22/2021 06:02:58 PM,TRUE,agentive,4,1700,5,21,male,1
Web Link 1,13219532007,411980487,12/22/2021 06:00:29 PM,12/22/2021 06:01:56 PM,TRUE,nonagentive,1,3400,3,NA,NA,NA
Web Link 1,13219526048,411980487,12/22/2021 05:57:16 PM,12/22/2021 06:00:53 PM,TRUE,nonagentive,1,425,3,19,female,1
Web Link 1,13219530750,411980487,12/22/2021 05:59:58 PM,12/22/2021 06:00:08 PM,TRUE,NA,NA,NA,NA,NA,NA,NA
Web Link 1,13219521447,411980487,12/22/2021 05:54:49 PM,12/22/2021 05:59:34 PM,TRUE,nonagentive,4,2000,6,19,female,1
Web Link 1,13219525419,411980487,12/22/2021 05:57:13 PM,12/22/2021 05:59:21 PM,TRUE,agentive,7,3400,4,19,female,1
Web Link 1,13219529112,411980487,12/22/2021 05:59:03 PM,12/22/2021 05:59:20 PM,TRUE,NA,NA,NA,NA,NA,NA,NA
Web Link 1,13219523330,411980487,12/22/2021 05:56:14 PM,12/22/2021 05:58:23 PM,TRUE,agentive,1,1700,3,23,female,1
Web Link 1,13219520515,411980487,12/22/2021 05:54:30 PM,12/22/2021 05:57:08 PM,TRUE,agentive,1,3400,7,19,female,1
Web Link 1,13219520347,411980487,12/22/2021 05:54:40 PM,12/22/2021 05:55:16 PM,TRUE,agentive,7,0,1,20,female,1
Web Link 1,13219515468,411980487,12/22/2021 05:51:42 PM,12/22/2021 05:54:45 PM,TRUE,nonagentive,7,NA,7,19,female,1
Web Link 1,13219519623,411980487,12/22/2021 05:53:57 PM,12/22/2021 05:54:28 PM,TRUE,NA,NA,NA,NA,NA,NA,NA
Web Link 1,13219515258,411980487,12/22/2021 05:52:03 PM,12/22/2021 05:54:21 PM,TRUE,nonagentive,7,2975,7,19,female,1
Web Link 1,13219514323,411980487,12/22/2021 05:51:08 PM,12/22/2021 05:53:31 PM,TRUE,nonagentive,7,0,1,20,female,1
Web Link 1,13219508420,411980487,12/22/2021 05:48:33 PM,12/22/2021 05:51:24 PM,TRUE,agentive,7,3400,5,21,female,1
Web Link 1,13219512520,411980487,12/22/2021 05:50:40 PM,12/22/2021 05:51:04 PM,TRUE,NA,NA,NA,NA,NA,NA,NA
Web Link 1,13219498444,411980487,12/22/2021 05:43:12 PM,12/22/2021 05:50:40 PM,TRUE,agentive,7,2975,6,19,female,1
Web Link 1,13219500258,411980487,12/22/2021 05:44:22 PM,12/22/2021 05:48:15 PM,TRUE,nonagentive,1,425,6,19,female,1
Web Link 1,13219501273,411980487,12/22/2021 05:44:48 PM,12/22/2021 05:46:26 PM,TRUE,agentive,1,1000,4,21,female,1
Web Link 1,13219495015,411980487,12/22/2021 05:41:23 PM,12/22/2021 05:46:15 PM,TRUE,agentive,4,3400,7,26,female,1
Web Link 1,13219493581,411980487,12/22/2021 05:40:36 PM,12/22/2021 05:45:01 PM,TRUE,agentive,1,1000,2,21,female,1
Web Link 1,13219476035,411980487,12/22/2021 05:32:17 PM,12/22/2021 05:35:37 PM,TRUE,agentive,1,425,6,23,male,1
Web Link 1,13219468341,411980487,12/22/2021 05:28:25 PM,12/22/2021 05:32:32 PM,TRUE,agentive,4,1700,3,21,female,1
Web Link 1,13219458817,411980487,12/22/2021 05:23:41 PM,12/22/2021 05:26:09 PM,TRUE,agentive,7,1700,4,19,female,1
Web Link 1,13219455730,411980487,12/22/2021 05:22:29 PM,12/22/2021 05:24:38 PM,TRUE,nonagentive,4,1190,3,20,female,1
Web Link 1,13219458082,411980487,12/22/2021 05:23:32 PM,12/22/2021 05:24:17 PM,TRUE,agentive,4,3400,6,19,male,1
Web Link 1,13219446851,411980487,12/22/2021 05:18:20 PM,12/22/2021 05:20:58 PM,TRUE,nonagentive,4,1700,7,19,female,1
Web Link 1,13219443820,411980487,12/22/2021 05:16:59 PM,12/22/2021 05:20:54 PM,TRUE,nonagentive,1,3400,6,18,female,1
Web Link 1,13219442971,411980487,12/22/2021 05:15:51 PM,12/22/2021 05:20:07 PM,TRUE,nonagentive,4,1700,4,23,female,1
Web Link 1,13219432325,411980487,12/22/2021 05:10:10 PM,12/22/2021 05:14:36 PM,TRUE,agentive,1,425,3,19,female,1
Web Link 1,13219432254,411980487,12/22/2021 05:11:38 PM,12/22/2021 05:11:43 PM,TRUE,NA,NA,NA,NA,NA,NA,NA
Web Link 1,13219428682,411980487,12/22/2021 05:09:55 PM,12/22/2021 05:11:31 PM,TRUE,agentive,4,0,1,21,female,1
Web Link 1,13219431083,411980487,12/22/2021 05:11:06 PM,12/22/2021 05:11:11 PM,TRUE,NA,NA,NA,NA,NA,NA,NA
Web Link 1,13219413228,411980487,12/22/2021 05:03:06 PM,12/22/2021 05:08:31 PM,TRUE,nonagentive,7,3400,5,21,male,2
Web Link 1,13219418778,411980487,12/22/2021 05:05:27 PM,12/22/2021 05:07:46 PM,TRUE,agentive,1,3400,5,19,female,1
Web Link 1,13219412604,411980487,12/22/2021 05:02:50 PM,12/22/2021 05:05:17 PM,TRUE,nonagentive,1,0,3,21,female,1
Web Link 1,13219410047,411980487,12/22/2021 05:01:45 PM,12/22/2021 05:04:18 PM,TRUE,agentive,1,0,1,18,female,1
Web Link 1,13219409866,411980487,12/22/2021 05:01:27 PM,12/22/2021 05:03:39 PM,TRUE,nonagentive,7,3000,7,19,female,1
Web Link 1,13219405844,411980487,12/22/2021 04:58:43 PM,12/22/2021 05:02:15 PM,TRUE,nonagentive,1,400,3,19,female,1
Web Link 1,13219376257,411980487,12/22/2021 04:45:03 PM,12/22/2021 04:46:58 PM,TRUE,nonagentive,1,3400,1,21,female,1
Web Link 1,13219339277,411980487,12/22/2021 04:27:11 PM,12/22/2021 04:38:35 PM,TRUE,agentive,7,1700,5,19,female,1
Web Link 1,13219344159,411980487,12/22/2021 04:29:27 PM,12/22/2021 04:37:05 PM,TRUE,nonagentive,7,2975,4,19,female,1
Web Link 1,13219265883,411980487,12/22/2021 03:52:48 PM,12/22/2021 04:35:14 PM,TRUE,agentive,1,0,5,22,male,1
Web Link 1,13219337560,411980487,12/22/2021 04:26:30 PM,12/22/2021 04:33:15 PM,TRUE,nonagentive,4,0,2,19,female,1
Web Link 1,13219349805,411980487,12/22/2021 04:31:57 PM,12/22/2021 04:32:19 PM,TRUE,NA,NA,NA,NA,NA,NA,NA
Web Link 1,13219344713,411980487,12/22/2021 04:29:49 PM,12/22/2021 04:30:58 PM,TRUE,nonagentive,7,3400,7,22,male,1
Web Link 1,13218953403,411980487,12/22/2021 01:04:56 PM,12/22/2021 04:28:05 PM,TRUE,nonagentive,1,425,5,19,female,1
Web Link 1,13219338629,411980487,12/22/2021 04:27:11 PM,12/22/2021 04:27:19 PM,TRUE,NA,NA,NA,NA,NA,NA,NA
Web Link 1,13219333034,411980487,12/22/2021 04:24:35 PM,12/22/2021 04:26:35 PM,TRUE,nonagentive,7,3400,6,19,female,1
Web Link 1,13219322814,411980487,12/22/2021 04:20:21 PM,12/22/2021 04:21:30 PM,TRUE,agentive,4,1700,4,19,female,1
Web Link 1,13219273706,411980487,12/22/2021 03:56:22 PM,12/22/2021 03:57:42 PM,TRUE,nonagentive,1,3400,3,19,female,1
Web Link 1,13219267235,411980487,12/22/2021 03:53:31 PM,12/22/2021 03:55:57 PM,TRUE,nonagentive,7,0,3,9,female,1
Web Link 1,13219262465,411980487,12/22/2021 03:50:54 PM,12/22/2021 03:54:09 PM,TRUE,nonagentive,4,1700,6,18,female,1
Web Link 1,13219253261,411980487,12/22/2021 03:25:49 PM,12/22/2021 03:52:57 PM,TRUE,nonagentive,1,425,2,NA,female,1
Web Link 1,13219246557,411980487,12/22/2021 03:43:11 PM,12/22/2021 03:45:51 PM,TRUE,nonagentive,7,2975,5,18,female,1
Web Link 1,13219241410,411980487,12/22/2021 03:39:54 PM,12/22/2021 03:43:12 PM,TRUE,nonagentive,7,0,5,19,male,1
Web Link 1,13219243937,411980487,12/22/2021 03:41:21 PM,12/22/2021 03:41:52 PM,TRUE,NA,NA,NA,NA,NA,NA,NA
Web Link 1,13219239020,411980487,12/22/2021 03:38:43 PM,12/22/2021 03:40:54 PM,TRUE,agentive,1,2000,3,19,female,1
Web Link 1,13219239915,411980487,12/22/2021 03:39:38 PM,12/22/2021 03:39:45 PM,TRUE,NA,NA,NA,NA,NA,NA,NA
Web Link 1,13219229409,411980487,12/22/2021 03:32:55 PM,12/22/2021 03:37:27 PM,TRUE,nonagentive,1,1700,5,19,female,1
Web Link 1,13219233299,411980487,12/22/2021 03:35:51 PM,12/22/2021 03:36:21 PM,TRUE,NA,NA,NA,NA,NA,NA,NA
Web Link 1,13219210866,411980487,12/22/2021 03:24:52 PM,12/22/2021 03:27:08 PM,TRUE,nonagentive,1,425,2,19,female,1
Web Link 1,13218786945,411980487,12/22/2021 11:19:17 AM,12/22/2021 03:12:02 PM,TRUE,agentive,1,400,7,19,female,1
Web Link 1,13219176134,411980487,12/22/2021 03:07:39 PM,12/22/2021 03:10:39 PM,TRUE,nonagentive,1,1700,2,19,female,1
Web Link 1,13219023535,411980487,12/22/2021 01:46:35 PM,12/22/2021 02:59:57 PM,TRUE,nonagentive,1,1700,6,18,female,1
Web Link 1,13219139129,411980487,12/22/2021 02:49:03 PM,12/22/2021 02:50:53 PM,TRUE,agentive,4,3400,4,19,female,1
Web Link 1,13219124072,411980487,12/22/2021 02:40:27 PM,12/22/2021 02:43:27 PM,TRUE,nonagentive,1,425,2,19,female,1
Web Link 1,13219022382,411980487,12/22/2021 01:45:44 PM,12/22/2021 02:42:41 PM,TRUE,nonagentive,1,425,7,19,male,1
Web Link 1,13219122964,411980487,12/22/2021 02:40:19 PM,12/22/2021 02:41:44 PM,TRUE,nonagentive,1,0,2,20,male,1
Web Link 1,13219105607,411980487,12/22/2021 02:30:53 PM,12/22/2021 02:36:47 PM,TRUE,nonagentive,1,425,5,18,female,1
Web Link 1,13219111441,411980487,12/22/2021 02:33:24 PM,12/22/2021 02:36:13 PM,TRUE,nonagentive,7,1000,4,18,female,1
Web Link 1,13219110198,411980487,12/22/2021 02:33:26 PM,12/22/2021 02:35:03 PM,TRUE,nonagentive,7,0,5,19,female,1
Web Link 1,13219104666,411980487,12/22/2021 02:28:45 PM,12/22/2021 02:34:46 PM,TRUE,agentive,1,425,5,18,female,1
Web Link 1,13219102469,411980487,12/22/2021 02:29:27 PM,12/22/2021 02:31:47 PM,TRUE,agentive,1,0,1,19,female,1
Web Link 1,13219092130,411980487,12/22/2021 02:23:19 PM,12/22/2021 02:27:13 PM,TRUE,agentive,4,1700,5,19,female,1
Web Link 1,13219017897,411980487,12/22/2021 01:43:19 PM,12/22/2021 02:17:17 PM,TRUE,agentive,7,3400,7,20,male,1
Web Link 1,13219047253,411980487,12/22/2021 01:59:54 PM,12/22/2021 02:01:27 PM,TRUE,agentive,1,3400,7,19,female,1
Web Link 1,13219030013,411980487,12/22/2021 01:50:20 PM,12/22/2021 01:55:14 PM,TRUE,nonagentive,7,2975,5,25,female,1
Web Link 1,13219035246,411980487,12/22/2021 01:53:32 PM,12/22/2021 01:53:41 PM,TRUE,NA,NA,NA,NA,NA,NA,NA
Web Link 1,13219001990,411980487,12/22/2021 01:33:52 PM,12/22/2021 01:43:08 PM,TRUE,nonagentive,1,425,7,21,female,1
Web Link 1,13219012959,411980487,12/22/2021 01:40:19 PM,12/22/2021 01:42:53 PM,TRUE,agentive,7,2975,3,19,female,1
Web Link 1,13219009680,411980487,12/22/2021 01:37:46 PM,12/22/2021 01:41:40 PM,TRUE,agentive,1,500,3,21,male,1
Web Link 1,13219010114,411980487,12/22/2021 01:38:42 PM,12/22/2021 01:40:15 PM,TRUE,nonagentive,4,1700,4,19,female,1
Web Link 1,13219000275,411980487,12/22/2021 01:32:17 PM,12/22/2021 01:38:05 PM,TRUE,agentive,4,2500,3,19,male,1
Web Link 1,13219003452,411980487,12/22/2021 01:34:45 PM,12/22/2021 01:37:28 PM,TRUE,agentive,4,1000,5,19,female,1
Web Link 1,13218993492,411980487,12/22/2021 01:28:50 PM,12/22/2021 01:30:56 PM,TRUE,nonagentive,4,0,5,21,male,1
Web Link 1,13218987680,411980487,12/22/2021 01:25:02 PM,12/22/2021 01:30:36 PM,TRUE,nonagentive,1,425,5,22,female,1
Web Link 1,13218987643,411980487,12/22/2021 01:25:20 PM,12/22/2021 01:26:44 PM,TRUE,agentive,4,3400,3,19,male,1
Web Link 1,13218985657,411980487,12/22/2021 01:24:10 PM,12/22/2021 01:24:16 PM,TRUE,NA,NA,NA,NA,NA,NA,NA
Web Link 1,13218980123,411980487,12/22/2021 01:20:40 PM,12/22/2021 01:22:31 PM,TRUE,nonagentive,7,3400,3,19,male,1
Web Link 1,13218974850,411980487,12/22/2021 01:17:40 PM,12/22/2021 01:18:11 PM,TRUE,nonagentive,7,3400,3,21,male,1
Web Link 1,13218967338,411980487,12/22/2021 01:12:43 PM,12/22/2021 01:15:13 PM,TRUE,agentive,4,3400,3,21,male,1
Web Link 1,13218759085,411980487,12/22/2021 11:03:50 AM,12/22/2021 01:08:15 PM,TRUE,nonagentive,7,3200,7,19,female,1
Web Link 1,13218957188,411980487,12/22/2021 01:07:10 PM,12/22/2021 01:07:23 PM,TRUE,NA,NA,NA,NA,NA,NA,NA
Web Link 1,13218949042,411980487,12/22/2021 01:01:59 PM,12/22/2021 01:05:06 PM,TRUE,agentive,7,2975,1,19,other,1
Web Link 1,13218936764,411980487,12/22/2021 12:54:27 PM,12/22/2021 12:57:32 PM,TRUE,nonagentive,4,1700,3,22,female,1
Web Link 1,13218939961,411980487,12/22/2021 12:56:29 PM,12/22/2021 12:56:34 PM,TRUE,NA,NA,NA,NA,NA,NA,NA
Web Link 1,13218930210,411980487,12/22/2021 12:50:27 PM,12/22/2021 12:52:50 PM,TRUE,nonagentive,1,0,3,21,male,1
Web Link 1,13218933756,411980487,12/22/2021 12:52:01 PM,12/22/2021 12:52:46 PM,TRUE,NA,NA,NA,NA,NA,NA,NA
Web Link 1,13218925494,411980487,12/22/2021 12:47:34 PM,12/22/2021 12:49:05 PM,TRUE,nonagentive,1,600,NA,NA,NA,NA
Web Link 1,13218925638,411980487,12/22/2021 12:47:30 PM,12/22/2021 12:47:44 PM,TRUE,NA,NA,NA,NA,NA,NA,NA
Web Link 1,13218918321,411980487,12/22/2021 12:43:00 PM,12/22/2021 12:47:13 PM,TRUE,agentive,4,1700,5,19,female,1
Web Link 1,13218910439,411980487,12/22/2021 12:37:00 PM,12/22/2021 12:45:03 PM,TRUE,agentive,1,0,7,18,female,1
Web Link 1,13218910328,411980487,12/22/2021 12:37:58 PM,12/22/2021 12:44:15 PM,TRUE,nonagentive,7,1700,4,21,female,1
Web Link 1,13218904439,411980487,12/22/2021 12:34:16 PM,12/22/2021 12:44:03 PM,TRUE,nonagentive,7,2975,7,20,male,1
Web Link 1,13218899903,411980487,12/22/2021 12:31:31 PM,12/22/2021 12:38:23 PM,TRUE,nonagentive,7,2975,3,20,female,1
Web Link 1,13218901948,411980487,12/22/2021 12:32:32 PM,12/22/2021 12:36:46 PM,TRUE,nonagentive,1,3400,5,19,female,1
Web Link 1,13218900509,411980487,12/22/2021 12:32:05 PM,12/22/2021 12:34:45 PM,TRUE,agentive,7,3400,6,18,female,1
Web Link 1,13218896464,411980487,12/22/2021 12:28:40 PM,12/22/2021 12:33:53 PM,TRUE,agentive,1,3400,3,19,female,1
Web Link 1,13218899077,411980487,12/22/2021 12:31:07 PM,12/22/2021 12:33:25 PM,TRUE,agentive,4,1700,3,22,female,1
Web Link 1,13218899074,411980487,12/22/2021 12:31:11 PM,12/22/2021 12:33:20 PM,TRUE,nonagentive,1,3400,1,24,female,1
Web Link 1,13218896338,411980487,12/22/2021 12:29:21 PM,12/22/2021 12:32:26 PM,TRUE,nonagentive,7,2985,4,18,male,1
Web Link 1,13218895221,411980487,12/22/2021 12:28:41 PM,12/22/2021 12:30:35 PM,TRUE,nonagentive,4,1700,4,18,female,2
Web Link 1,13218892964,411980487,12/22/2021 12:27:11 PM,12/22/2021 12:27:17 PM,TRUE,NA,NA,NA,NA,NA,NA,NA
Web Link 1,13218886702,411980487,12/22/2021 12:22:24 PM,12/22/2021 12:26:28 PM,TRUE,agentive,1,425,5,19,female,1
Web Link 1,13218885762,411980487,12/22/2021 12:22:17 PM,12/22/2021 12:24:02 PM,TRUE,agentive,1,0,2,19,male,1
Web Link 1,13218876911,411980487,12/22/2021 12:16:04 PM,12/22/2021 12:19:00 PM,TRUE,agentive,4,1500,4,61,female,1
Web Link 1,13218871033,411980487,12/22/2021 12:12:32 PM,12/22/2021 12:14:27 PM,TRUE,nonagentive,7,1500,3,21,male,1
Web Link 1,13218869674,411980487,12/22/2021 12:11:23 PM,12/22/2021 12:14:05 PM,TRUE,nonagentive,7,3000,5,19,female,1
Web Link 1,13218869884,411980487,12/22/2021 12:11:44 PM,12/22/2021 12:13:27 PM,TRUE,agentive,1,0,3,22,female,1
Web Link 1,13218868691,411980487,12/22/2021 12:10:52 PM,12/22/2021 12:11:04 PM,TRUE,NA,NA,NA,NA,NA,NA,NA
Web Link 1,13218862549,411980487,12/22/2021 12:06:44 PM,12/22/2021 12:10:48 PM,TRUE,agentive,1,425,4,24,female,1
Web Link 1,13218859981,411980487,12/22/2021 12:05:12 PM,12/22/2021 12:09:27 PM,TRUE,nonagentive,7,3400,7,20,male,1
Web Link 1,13218857754,411980487,12/22/2021 12:03:37 PM,12/22/2021 12:05:31 PM,TRUE,agentive,1,0,1,19,male,1
Web Link 1,13218854912,411980487,12/22/2021 12:02:02 PM,12/22/2021 12:05:17 PM,TRUE,nonagentive,4,0,2,19,female,1
Web Link 1,13218855269,411980487,12/22/2021 12:02:19 PM,12/22/2021 12:03:39 PM,TRUE,nonagentive,4,3400,7,19,female,1
Web Link 1,13218846718,411980487,12/22/2021 11:56:55 AM,12/22/2021 11:59:47 AM,TRUE,nonagentive,1,425,4,NA,female,1
Web Link 1,13218845922,411980487,12/22/2021 11:56:14 AM,12/22/2021 11:58:19 AM,TRUE,agentive,7,NA,6,NA,NA,NA
Web Link 1,13218837983,411980487,12/22/2021 11:51:13 AM,12/22/2021 11:52:52 AM,TRUE,nonagentive,7,3400,7,18,female,1
Web Link 1,13218830715,411980487,12/22/2021 11:46:21 AM,12/22/2021 11:46:45 AM,TRUE,NA,NA,NA,NA,NA,NA,NA
Web Link 1,13218822785,411980487,12/22/2021 11:41:37 AM,12/22/2021 11:44:32 AM,TRUE,nonagentive,1,0,7,19,male,1
Web Link 1,13218810424,411980487,12/22/2021 11:34:12 AM,12/22/2021 11:36:35 AM,TRUE,agentive,1,3400,3,20,male,1
Web Link 1,13218803079,411980487,12/22/2021 11:29:34 AM,12/22/2021 11:33:54 AM,TRUE,agentive,4,1700,5,19,female,1
Web Link 1,13218804880,411980487,12/22/2021 11:31:14 AM,12/22/2021 11:32:52 AM,TRUE,nonagentive,1,3400,5,20,male,1
Web Link 1,13218802154,411980487,12/22/2021 11:29:45 AM,12/22/2021 11:32:31 AM,TRUE,nonagentive,7,0,2,25,male,1
Web Link 1,13218800643,411980487,12/22/2021 11:28:39 AM,12/22/2021 11:31:03 AM,TRUE,agentive,7,3400,4,19,male,1
Web Link 1,13218789936,411980487,12/22/2021 11:20:30 AM,12/22/2021 11:27:42 AM,TRUE,nonagentive,7,2975,6,19,female,1
Web Link 1,13218795768,411980487,12/22/2021 11:25:00 AM,12/22/2021 11:27:05 AM,TRUE,nonagentive,1,0,2,20,female,1
Web Link 1,13218747424,411980487,12/22/2021 10:56:10 AM,12/22/2021 11:21:19 AM,TRUE,nonagentive,1,500,2,19,female,1
Web Link 1,13218783568,411980487,12/22/2021 11:15:48 AM,12/22/2021 11:19:59 AM,TRUE,nonagentive,7,3400,7,19,female,1
Web Link 1,13218782633,411980487,12/22/2021 11:15:36 AM,12/22/2021 11:19:45 AM,TRUE,nonagentive,4,1700,4,18,female,1
Web Link 1,13218781840,411980487,12/22/2021 11:15:50 AM,12/22/2021 11:19:36 AM,TRUE,nonagentive,7,2975,6,18,female,1
Web Link 1,13218781773,411980487,12/22/2021 11:15:43 AM,12/22/2021 11:17:53 AM,TRUE,agentive,7,2975,5,19,female,1
Web Link 1,13218728560,411980487,12/22/2021 10:42:40 AM,12/22/2021 11:16:17 AM,TRUE,agentive,7,NA,5,18,female,1
Web Link 1,13218773732,411980487,12/22/2021 11:09:21 AM,12/22/2021 11:13:36 AM,TRUE,nonagentive,7,0,2,18,female,1
Web Link 1,13218771126,411980487,12/22/2021 11:08:31 AM,12/22/2021 11:12:11 AM,TRUE,nonagentive,4,1700,5,19,female,1
Web Link 1,13218771612,411980487,12/22/2021 11:09:15 AM,12/22/2021 11:12:10 AM,TRUE,agentive,4,850,3,20,female,1
Web Link 1,13218771566,411980487,12/22/2021 11:09:03 AM,12/22/2021 11:12:00 AM,TRUE,agentive,7,3000,5,19,female,1
Web Link 1,13218771200,411980487,12/22/2021 11:08:56 AM,12/22/2021 11:11:11 AM,TRUE,agentive,7,0,3,26,male,1
Web Link 1,13218769309,411980487,12/22/2021 11:07:09 AM,12/22/2021 11:10:40 AM,TRUE,nonagentive,4,1700,5,19,female,1
Web Link 1,13218768639,411980487,12/22/2021 11:07:12 AM,12/22/2021 11:10:20 AM,TRUE,agentive,4,3400,3,18,male,1
Web Link 1,13218759823,411980487,12/22/2021 11:03:54 AM,12/22/2021 11:09:50 AM,TRUE,agentive,1,380,5,19,female,1
Web Link 1,13218771102,411980487,12/22/2021 11:08:55 AM,12/22/2021 11:09:06 AM,TRUE,NA,NA,NA,NA,NA,NA,NA
Web Link 1,13218767783,411980487,12/22/2021 11:06:57 AM,12/22/2021 11:09:00 AM,TRUE,agentive,4,3400,3,19,female,1
Web Link 1,13218768321,411980487,12/22/2021 11:07:18 AM,12/22/2021 11:07:28 AM,TRUE,NA,NA,NA,NA,NA,NA,NA
Web Link 1,13218759375,411980487,12/22/2021 11:03:43 AM,12/22/2021 11:06:06 AM,TRUE,agentive,1,0,7,19,female,1
Web Link 1,13218694193,411980487,12/22/2021 10:11:18 AM,12/22/2021 11:05:38 AM,TRUE,agentive,7,3000,5,NA,female,1
Web Link 1,13218759058,411980487,12/22/2021 11:03:45 AM,12/22/2021 11:03:55 AM,TRUE,NA,NA,NA,NA,NA,NA,NA
Web Link 1,13218754739,411980487,12/22/2021 11:01:09 AM,12/22/2021 11:03:49 AM,TRUE,nonagentive,7,3400,7,19,male,1
Web Link 1,13218756915,411980487,12/22/2021 11:02:23 AM,12/22/2021 11:02:37 AM,TRUE,NA,NA,NA,NA,NA,NA,NA
Web Link 1,13218749670,411980487,12/22/2021 10:57:35 AM,12/22/2021 11:01:36 AM,TRUE,nonagentive,1,3400,5,21,female,1
Web Link 1,13218751045,411980487,12/22/2021 10:58:44 AM,12/22/2021 10:58:50 AM,TRUE,NA,NA,NA,NA,NA,NA,NA
Web Link 1,13218748979,411980487,12/22/2021 10:57:13 AM,12/22/2021 10:58:45 AM,TRUE,agentive,4,500,2,19,female,1
Web Link 1,13218747325,411980487,12/22/2021 10:52:07 AM,12/22/2021 10:58:40 AM,TRUE,agentive,7,2975,4,20,female,1
Web Link 1,13218743349,411980487,12/22/2021 10:53:09 AM,12/22/2021 10:57:47 AM,TRUE,agentive,4,1600,4,19,female,1
Web Link 1,13218746769,411980487,12/22/2021 10:55:42 AM,12/22/2021 10:55:47 AM,TRUE,NA,NA,NA,NA,NA,NA,NA
Web Link 1,13218745721,411980487,12/22/2021 10:54:56 AM,12/22/2021 10:55:01 AM,TRUE,NA,NA,NA,NA,NA,NA,NA
Web Link 1,13218743842,411980487,12/22/2021 10:53:25 AM,12/22/2021 10:53:41 AM,TRUE,NA,NA,NA,NA,NA,NA,NA
Web Link 1,13218742764,411980487,12/22/2021 10:52:48 AM,12/22/2021 10:52:55 AM,TRUE,NA,NA,NA,NA,NA,NA,NA
Web Link 1,13218741535,411980487,12/22/2021 10:51:54 AM,12/22/2021 10:52:03 AM,TRUE,NA,NA,NA,NA,NA,NA,NA
Web Link 1,13218736688,411980487,12/22/2021 10:48:06 AM,12/22/2021 10:50:49 AM,TRUE,nonagentive,1,0,2,20,female,1
Web Link 1,13218735606,411980487,12/22/2021 10:47:20 AM,12/22/2021 10:50:03 AM,TRUE,nonagentive,4,1700,6,19,female,1
Web Link 1,13218735715,411980487,12/22/2021 10:47:47 AM,12/22/2021 10:49:39 AM,TRUE,nonagentive,1,425,2,19,female,1
Web Link 1,13218732396,411980487,12/22/2021 10:45:27 AM,12/22/2021 10:48:40 AM,TRUE,nonagentive,4,1700,3,20,male,1
Web Link 1,13218735688,411980487,12/22/2021 10:47:54 AM,12/22/2021 10:48:00 AM,TRUE,NA,NA,NA,NA,NA,NA,NA
Web Link 1,13218735160,411980487,12/22/2021 10:47:27 AM,12/22/2021 10:47:37 AM,TRUE,NA,NA,NA,NA,NA,NA,NA
Web Link 1,13218734289,411980487,12/22/2021 10:46:52 AM,12/22/2021 10:46:59 AM,TRUE,NA,NA,NA,NA,NA,NA,NA
Web Link 1,13218727967,411980487,12/22/2021 10:41:56 AM,12/22/2021 10:46:35 AM,TRUE,nonagentive,7,2800,3,19,male,1
Web Link 1,13218730597,411980487,12/22/2021 10:44:08 AM,12/22/2021 10:46:07 AM,TRUE,agentive,1,3400,7,20,male,1
Web Link 1,13218730475,411980487,12/22/2021 10:44:05 AM,12/22/2021 10:46:00 AM,TRUE,nonagentive,7,3400,5,19,female,1
Web Link 1,13218729115,411980487,12/22/2021 10:42:09 AM,12/22/2021 10:45:38 AM,TRUE,nonagentive,1,300,3,19,male,1
Web Link 1,13218730008,411980487,12/22/2021 10:43:36 AM,12/22/2021 10:45:26 AM,TRUE,nonagentive,4,1700,3,19,female,1
Web Link 1,13218728550,411980487,12/22/2021 10:42:38 AM,12/22/2021 10:44:52 AM,TRUE,agentive,4,1700,3,19,male,1
Web Link 1,13218722539,411980487,12/22/2021 10:37:58 AM,12/22/2021 10:42:26 AM,TRUE,agentive,4,1700,7,19,male,1
Web Link 1,13218721936,411980487,12/22/2021 10:37:43 AM,12/22/2021 10:40:04 AM,TRUE,agentive,7,3000,6,19,male,1
Web Link 1,13218720421,411980487,12/22/2021 10:35:22 AM,12/22/2021 10:36:45 AM,TRUE,NA,NA,NA,NA,NA,NA,NA
Web Link 1,13218716990,411980487,12/22/2021 10:34:02 AM,12/22/2021 10:36:43 AM,TRUE,agentive,1,1700,4,18,female,1
Web Link 1,13218711482,411980487,12/22/2021 10:30:00 AM,12/22/2021 10:30:14 AM,TRUE,NA,NA,NA,NA,NA,NA,NA
Web Link 1,13218708576,411980487,12/22/2021 10:27:46 AM,12/22/2021 10:29:29 AM,TRUE,agentive,7,3400,7,NA,NA,NA
Web Link 1,13218698975,411980487,12/22/2021 10:21:00 AM,12/22/2021 10:26:01 AM,TRUE,nonagentive,7,NA,4,19,female,1
Web Link 1,13218698880,411980487,12/22/2021 10:20:58 AM,12/22/2021 10:22:32 AM,TRUE,nonagentive,7,0,2,20,male,1
Web Link 1,13218690815,411980487,12/22/2021 10:15:04 AM,12/22/2021 10:19:04 AM,TRUE,nonagentive,1,425,4,20,male,1
Web Link 1,13218692547,411980487,12/22/2021 10:16:30 AM,12/22/2021 10:18:18 AM,TRUE,nonagentive,7,NA,4,21,male,1
Web Link 1,13218693898,411980487,12/22/2021 10:17:25 AM,12/22/2021 10:17:35 AM,TRUE,NA,NA,NA,NA,NA,NA,NA
Web Link 1,13218683500,411980487,12/22/2021 10:10:07 AM,12/22/2021 10:11:35 AM,TRUE,nonagentive,1,0,5,20,female,1
Web Link 1,13218682302,411980487,12/22/2021 10:09:22 AM,12/22/2021 10:11:06 AM,TRUE,nonagentive,7,3000,5,NA,female,1
Web Link 1,13218680769,411980487,12/22/2021 10:08:15 AM,12/22/2021 10:10:58 AM,TRUE,nonagentive,7,3400,4,19,female,1
Web Link 1,13218680246,411980487,12/22/2021 10:07:54 AM,12/22/2021 10:10:40 AM,TRUE,agentive,4,3400,6,20,female,1
Web Link 1,13218679564,411980487,12/22/2021 10:07:26 AM,12/22/2021 10:09:52 AM,TRUE,nonagentive,4,1700,5,20,male,1
Web Link 1,13218673037,411980487,12/22/2021 10:02:48 AM,12/22/2021 10:09:20 AM,TRUE,nonagentive,7,2975,4,20,female,1
Web Link 1,13218678242,411980487,12/22/2021 10:06:18 AM,12/22/2021 10:09:09 AM,TRUE,nonagentive,1,3400,3,20,female,1
Web Link 1,13218679547,411980487,12/22/2021 10:07:27 AM,12/22/2021 10:09:02 AM,TRUE,agentive,4,4000,5,20,female,1
Web Link 1,13218677043,411980487,12/22/2021 10:05:38 AM,12/22/2021 10:07:54 AM,TRUE,nonagentive,7,3400,4,20,male,1
Web Link 1,13218676041,411980487,12/22/2021 10:04:14 AM,12/22/2021 10:07:46 AM,TRUE,nonagentive,1,0,1,19,female,1
Web Link 1,13218678617,411980487,12/22/2021 10:06:24 AM,12/22/2021 10:06:54 AM,TRUE,NA,NA,NA,NA,NA,NA,NA
Web Link 1,13218673588,411980487,12/22/2021 10:03:13 AM,12/22/2021 10:05:16 AM,TRUE,nonagentive,1,3400,7,19,female,1
Web Link 1,13218670247,411980487,12/22/2021 10:00:51 AM,12/22/2021 10:00:59 AM,TRUE,NA,NA,NA,NA,NA,NA,NA
Web Link 1,13218646780,411980487,12/22/2021 09:42:16 AM,12/22/2021 09:45:46 AM,TRUE,nonagentive,1,0,4,20,male,1
Web Link 1,13218627143,411980487,12/22/2021 09:27:53 AM,12/22/2021 09:31:44 AM,TRUE,nonagentive,7,2975,3,20,male,1
Web Link 1,13218626180,411980487,12/22/2021 09:27:20 AM,12/22/2021 09:29:48 AM,TRUE,agentive,4,0,3,20,female,1
Web Link 1,13218618096,411980487,12/22/2021 09:21:18 AM,12/22/2021 09:23:47 AM,TRUE,agentive,4,1700,2,21,female,1
Web Link 1,13218597317,411980487,12/22/2021 09:05:27 AM,12/22/2021 09:07:23 AM,TRUE,nonagentive,1,3400,7,25,I prefer not to answer,1
Web Link 1,13218571753,411980487,12/22/2021 08:45:30 AM,12/22/2021 08:48:22 AM,TRUE,agentive,4,850,4,NA,female,1
Web Link 1,13218553864,411980487,12/22/2021 08:31:48 AM,12/22/2021 08:35:21 AM,TRUE,agentive,1,425,7,19,female,1
Web Link 1,13218556213,411980487,12/21/2021 09:27:15 PM,12/22/2021 08:34:02 AM,TRUE,NA,NA,NA,NA,NA,NA,NA
Web Link 1,13218549068,411980487,12/22/2021 08:27:58 AM,12/22/2021 08:28:12 AM,TRUE,NA,NA,NA,NA,NA,NA,NA
Web Link 1,13218543700,411980487,12/22/2021 08:23:57 AM,12/22/2021 08:24:06 AM,TRUE,NA,NA,NA,NA,NA,NA,NA
Web Link 1,13218532507,411980487,12/22/2021 08:14:19 AM,12/22/2021 08:18:16 AM,TRUE,nonagentive,7,3000,6,20,male,1
Web Link 1,13218524083,411980487,12/22/2021 08:07:30 AM,12/22/2021 08:10:30 AM,TRUE,nonagentive,4,3400,7,20,male,1
Web Link 1,13218519659,411980487,12/22/2021 08:03:18 AM,12/22/2021 08:08:51 AM,TRUE,nonagentive,4,3400,4,20,male,1
Web Link 1,13218484691,411980487,12/22/2021 07:37:53 AM,12/22/2021 07:40:55 AM,TRUE,agentive,4,1700,3,18,female,1
Web Link 1,13218477880,411980487,12/22/2021 07:32:12 AM,12/22/2021 07:35:23 AM,TRUE,nonagentive,7,3000,4,20,female,1
Web Link 1,13218371169,411980487,12/22/2021 05:59:39 AM,12/22/2021 06:02:46 AM,TRUE,agentive,4,1700,5,19,female,1
Web Link 1,13218304084,411980487,12/22/2021 04:57:45 AM,12/22/2021 04:59:17 AM,TRUE,agentive,4,3499,7,23,female,1
Web Link 1,13218053470,411980487,12/22/2021 01:29:42 AM,12/22/2021 01:32:03 AM,TRUE,nonagentive,4,1000,7,19,female,1
Web Link 1,13218053116,411980487,12/22/2021 01:29:23 AM,12/22/2021 01:31:24 AM,TRUE,nonagentive,4,1700,7,19,female,1
Web Link 1,13218051097,411980487,12/22/2021 01:28:01 AM,12/22/2021 01:28:16 AM,TRUE,NA,NA,NA,NA,NA,NA,NA
Web Link 1,13218044211,411980487,12/21/2021 11:35:31 PM,12/22/2021 01:23:46 AM,TRUE,NA,NA,NA,NA,NA,NA,NA
Web Link 1,13218014339,411980487,12/22/2021 01:05:12 AM,12/22/2021 01:07:12 AM,TRUE,nonagentive,4,3400,4,19,female,1
Web Link 1,13217929952,411980487,12/22/2021 12:20:46 AM,12/22/2021 12:25:12 AM,TRUE,agentive,1,425,7,18,female,1
Web Link 1,13217913718,411980487,12/22/2021 12:14:04 AM,12/22/2021 12:19:39 AM,TRUE,nonagentive,4,1700,4,19,female,1
Web Link 1,13217831833,411980487,12/21/2021 11:36:17 PM,12/22/2021 12:18:59 AM,TRUE,nonagentive,4,1500,5,NA,NA,NA
Web Link 1,13217909100,411980487,12/22/2021 12:11:03 AM,12/22/2021 12:13:48 AM,TRUE,agentive,7,3400,7,19,female,1
Web Link 1,13217906745,411980487,12/22/2021 12:10:39 AM,12/22/2021 12:13:21 AM,TRUE,agentive,1,425,4,19,male,2
Web Link 1,13217905384,411980487,12/22/2021 12:10:13 AM,12/22/2021 12:12:11 AM,TRUE,nonagentive,7,3400,3,19,female,1
Web Link 1,13217897438,411980487,12/22/2021 12:06:27 AM,12/22/2021 12:09:20 AM,TRUE,agentive,4,1700,7,20,female,1
Web Link 1,13217891025,411980487,12/22/2021 12:03:13 AM,12/22/2021 12:08:02 AM,TRUE,agentive,4,1700,3,19,female,1
Web Link 1,13217881731,411980487,12/21/2021 11:59:57 PM,12/22/2021 12:03:05 AM,TRUE,nonagentive,4,1700,4,19,female,1
Web Link 1,13217859010,411980487,12/21/2021 11:49:22 PM,12/21/2021 11:49:30 PM,TRUE,NA,NA,NA,NA,NA,NA,NA
Web Link 1,13217847670,411980487,12/21/2021 11:42:46 PM,12/21/2021 11:46:27 PM,TRUE,nonagentive,1,3400,5,23,female,1
Web Link 1,13217836206,411980487,12/21/2021 11:38:06 PM,12/21/2021 11:42:26 PM,TRUE,agentive,1,3400,2,19,female,1
Web Link 1,13217834930,411980487,12/21/2021 11:37:54 PM,12/21/2021 11:41:26 PM,TRUE,agentive,7,2975,5,18,female,1
Web Link 1,13217834285,411980487,12/21/2021 11:37:39 PM,12/21/2021 11:38:53 PM,TRUE,nonagentive,4,0,7,22,I prefer not to answer,1
Web Link 1,13217829833,411980487,12/21/2021 11:35:31 PM,12/21/2021 11:35:39 PM,TRUE,NA,NA,NA,NA,NA,NA,NA
Web Link 1,13217817824,411980487,12/21/2021 11:29:50 PM,12/21/2021 11:34:51 PM,TRUE,agentive,7,1000,7,20,female,1
Web Link 1,13217718713,411980487,12/21/2021 10:35:47 PM,12/21/2021 11:34:19 PM,TRUE,agentive,4,1700,4,20,female,1
Web Link 1,13217814304,411980487,12/21/2021 11:27:48 PM,12/21/2021 11:29:45 PM,TRUE,nonagentive,7,2975,6,24,female,1
Web Link 1,13217806965,411980487,12/21/2021 11:23:58 PM,12/21/2021 11:27:56 PM,TRUE,nonagentive,4,0,4,19,female,1
Web Link 1,13217808202,411980487,12/21/2021 11:24:41 PM,12/21/2021 11:27:20 PM,TRUE,agentive,1,425,5,19,female,1
Web Link 1,13217792898,411980487,12/21/2021 11:16:03 PM,12/21/2021 11:25:06 PM,TRUE,nonagentive,4,1700,5,20,female,1
Web Link 1,13217793514,411980487,12/21/2021 11:17:00 PM,12/21/2021 11:23:52 PM,TRUE,agentive,1,425,5,19,male,1
Web Link 1,13217740925,411980487,12/21/2021 10:48:56 PM,12/21/2021 11:21:11 PM,TRUE,nonagentive,7,2975,5,19,female,1
Web Link 1,13217782907,411980487,12/21/2021 11:11:30 PM,12/21/2021 11:20:54 PM,TRUE,nonagentive,4,0,3,NA,NA,NA
Web Link 1,13217796335,411980487,12/21/2021 11:18:31 PM,12/21/2021 11:20:38 PM,TRUE,agentive,7,NA,5,19,female,1
Web Link 1,13217799066,411980487,12/21/2021 11:20:01 PM,12/21/2021 11:20:08 PM,TRUE,NA,NA,NA,NA,NA,NA,NA
Web Link 1,13217786056,411980487,12/21/2021 11:12:55 PM,12/21/2021 11:16:25 PM,TRUE,nonagentive,1,1000,4,19,female,1
Web Link 1,13217787382,411980487,12/21/2021 11:13:43 PM,12/21/2021 11:16:06 PM,TRUE,agentive,7,3400,2,19,female,1
Web Link 1,13217780104,411980487,12/21/2021 11:09:53 PM,12/21/2021 11:13:30 PM,TRUE,nonagentive,7,3400,4,19,female,1
Web Link 1,13217781717,411980487,12/21/2021 11:11:00 PM,12/21/2021 11:11:08 PM,TRUE,NA,NA,NA,NA,NA,NA,NA
Web Link 1,13217773147,411980487,12/21/2021 11:05:40 PM,12/21/2021 11:09:59 PM,TRUE,nonagentive,4,2000,3,20,female,1
Web Link 1,13217773746,411980487,12/21/2021 11:05:50 PM,12/21/2021 11:06:57 PM,TRUE,NA,NA,NA,NA,NA,NA,NA
Web Link 1,13217765955,411980487,12/21/2021 11:02:58 PM,12/21/2021 11:05:17 PM,TRUE,nonagentive,1,0,4,19,female,1
Web Link 1,13217764027,411980487,12/21/2021 11:01:59 PM,12/21/2021 11:04:23 PM,TRUE,nonagentive,1,425,4,19,female,1
Web Link 1,13217752159,411980487,12/21/2021 10:55:11 PM,12/21/2021 11:02:33 PM,TRUE,agentive,4,1700,7,20,female,1
Web Link 1,13217751297,411980487,12/21/2021 10:54:25 PM,12/21/2021 11:00:56 PM,TRUE,nonagentive,7,3400,7,23,female,1
Web Link 1,13217755726,411980487,12/21/2021 10:57:20 PM,12/21/2021 11:00:03 PM,TRUE,nonagentive,4,1700,3,20,female,1
Web Link 1,13217752504,411980487,12/21/2021 10:55:27 PM,12/21/2021 10:55:40 PM,TRUE,NA,NA,NA,NA,NA,NA,NA
Web Link 1,13217740747,411980487,12/21/2021 10:48:30 PM,12/21/2021 10:50:16 PM,TRUE,nonagentive,4,3400,5,19,female,1
Web Link 1,13217730940,411980487,12/21/2021 10:42:18 PM,12/21/2021 10:46:30 PM,TRUE,agentive,4,3400,3,19,female,1
Web Link 1,13217676350,411980487,12/21/2021 10:12:52 PM,12/21/2021 10:44:40 PM,TRUE,nonagentive,1,485.71,4,20,female,1
Web Link 1,13217718737,411980487,12/21/2021 10:36:05 PM,12/21/2021 10:44:25 PM,TRUE,agentive,4,1700,1,20,female,1
Web Link 1,13217726616,411980487,12/21/2021 10:39:47 PM,12/21/2021 10:44:18 PM,TRUE,nonagentive,4,1700,2,19,female,1
Web Link 1,13217725606,411980487,12/21/2021 10:39:49 PM,12/21/2021 10:43:47 PM,TRUE,agentive,7,3400,7,18,female,1
Web Link 1,13217725417,411980487,12/21/2021 10:40:03 PM,12/21/2021 10:43:00 PM,TRUE,agentive,4,1700,5,19,female,1
Web Link 1,13217729478,411980487,12/21/2021 10:41:59 PM,12/21/2021 10:42:28 PM,TRUE,NA,NA,NA,NA,NA,NA,NA
Web Link 1,13217725865,411980487,12/21/2021 10:40:17 PM,12/21/2021 10:40:27 PM,TRUE,NA,NA,NA,NA,NA,NA,NA
Web Link 1,13217722132,411980487,12/21/2021 10:38:08 PM,12/21/2021 10:38:17 PM,TRUE,NA,NA,NA,NA,NA,NA,NA
Web Link 1,13217716585,411980487,12/21/2021 10:34:59 PM,12/21/2021 10:37:38 PM,TRUE,nonagentive,1,500,2,19,male,1
Web Link 1,13217716313,411980487,12/21/2021 10:34:04 PM,12/21/2021 10:37:23 PM,TRUE,agentive,7,2975,4,21,male,1
Web Link 1,13217714991,411980487,12/21/2021 10:34:09 PM,12/21/2021 10:34:47 PM,TRUE,nonagentive,1,300,3,NA,female,1
Web Link 1,13217702769,411980487,12/21/2021 10:27:06 PM,12/21/2021 10:33:48 PM,TRUE,agentive,1,400,5,20,female,1
Web Link 1,13217708869,411980487,12/21/2021 10:30:34 PM,12/21/2021 10:33:46 PM,TRUE,nonagentive,1,1000,5,19,male,1
Web Link 1,13217710340,411980487,12/21/2021 10:31:21 PM,12/21/2021 10:33:31 PM,TRUE,nonagentive,1,500,3,19,female,1
Web Link 1,13217706348,411980487,12/21/2021 10:28:58 PM,12/21/2021 10:32:14 PM,TRUE,agentive,7,3400,4,19,female,1
Web Link 1,13217699318,411980487,12/21/2021 10:25:25 PM,12/21/2021 10:30:47 PM,TRUE,nonagentive,1,1000,3,21,female,1
Web Link 1,13217694585,411980487,12/21/2021 10:22:53 PM,12/21/2021 10:30:17 PM,TRUE,nonagentive,4,1700,2,21,male,1
Web Link 1,13217699159,411980487,12/21/2021 10:25:17 PM,12/21/2021 10:27:39 PM,TRUE,agentive,4,700,5,23,male,1
Web Link 1,13217681951,411980487,12/21/2021 10:15:09 PM,12/21/2021 10:24:27 PM,TRUE,agentive,7,3275,5,NA,NA,NA
Web Link 1,13217687141,411980487,12/21/2021 10:18:43 PM,12/21/2021 10:23:27 PM,TRUE,agentive,1,400,3,23,female,1
Web Link 1,13217681830,411980487,12/21/2021 10:14:42 PM,12/21/2021 10:21:15 PM,TRUE,agentive,4,3400,6,20,female,1
Web Link 1,13217686698,411980487,12/21/2021 10:18:44 PM,12/21/2021 10:19:48 PM,TRUE,NA,NA,NA,NA,NA,NA,NA
Web Link 1,13217677934,411980487,12/21/2021 10:13:08 PM,12/21/2021 10:19:17 PM,TRUE,agentive,7,2975,7,20,female,1
Web Link 1,13217683229,411980487,12/21/2021 10:15:58 PM,12/21/2021 10:18:55 PM,TRUE,agentive,4,2000,5,20,female,1
Web Link 1,13217683902,411980487,12/21/2021 10:17:07 PM,12/21/2021 10:18:24 PM,TRUE,agentive,7,NA,6,NA,NA,NA
Web Link 1,13217623058,411980487,12/21/2021 09:43:56 PM,12/21/2021 10:17:50 PM,TRUE,nonagentive,1,377.78,7,21,male,1
Web Link 1,13217675926,411980487,12/21/2021 10:12:06 PM,12/21/2021 10:17:06 PM,TRUE,agentive,7,3400,6,22,female,1
Web Link 1,13217676454,411980487,12/21/2021 10:12:57 PM,12/21/2021 10:16:53 PM,TRUE,nonagentive,4,1360,5,19,female,1
Web Link 1,13217677917,411980487,12/21/2021 10:13:36 PM,12/21/2021 10:15:26 PM,TRUE,nonagentive,1,0,2,22,male,1
Web Link 1,13217672802,411980487,12/21/2021 10:10:56 PM,12/21/2021 10:15:13 PM,TRUE,nonagentive,7,3400,NA,NA,NA,NA
Web Link 1,13217679951,411980487,12/21/2021 10:14:43 PM,12/21/2021 10:15:06 PM,TRUE,NA,NA,NA,NA,NA,NA,NA
Web Link 1,13217674393,411980487,12/21/2021 10:11:53 PM,12/21/2021 10:14:15 PM,TRUE,agentive,4,1750,7,19,female,1
Web Link 1,13217674777,411980487,12/21/2021 10:11:56 PM,12/21/2021 10:14:07 PM,TRUE,nonagentive,4,1700,3,20,female,1
Web Link 1,13217672230,411980487,12/21/2021 10:10:41 PM,12/21/2021 10:12:28 PM,TRUE,nonagentive,4,3400,6,19,female,1
Web Link 1,13217668769,411980487,12/21/2021 10:07:34 PM,12/21/2021 10:12:14 PM,TRUE,agentive,7,0,3,20,female,1
Web Link 1,13217669749,411980487,12/21/2021 10:09:19 PM,12/21/2021 10:11:12 PM,TRUE,nonagentive,1,3000,6,18,female,1
Web Link 1,13217403711,411980487,12/21/2021 07:51:15 PM,12/21/2021 10:10:04 PM,TRUE,nonagentive,4,NA,7,NA,NA,NA
Web Link 1,13217662446,411980487,12/21/2021 10:05:30 PM,12/21/2021 10:06:59 PM,TRUE,nonagentive,1,2000,3,18,female,1
Web Link 1,13217654461,411980487,12/21/2021 10:01:27 PM,12/21/2021 10:03:01 PM,TRUE,agentive,7,NA,3,20,female,1
Web Link 1,13217645625,411980487,12/21/2021 09:56:25 PM,12/21/2021 09:56:43 PM,TRUE,NA,NA,NA,NA,NA,NA,NA
Web Link 1,13217643240,411980487,12/21/2021 09:54:15 PM,12/21/2021 09:55:26 PM,TRUE,NA,NA,NA,NA,NA,NA,NA
Web Link 1,13217641563,411980487,12/21/2021 09:54:17 PM,12/21/2021 09:54:29 PM,TRUE,NA,NA,NA,NA,NA,NA,NA
Web Link 1,13217640035,411980487,12/21/2021 09:53:33 PM,12/21/2021 09:53:40 PM,TRUE,NA,NA,NA,NA,NA,NA,NA
Web Link 1,13217624660,411980487,12/21/2021 09:45:01 PM,12/21/2021 09:47:20 PM,TRUE,agentive,1,NA,7,18,I prefer not to answer,2
Web Link 1,13217625009,411980487,12/21/2021 09:45:17 PM,12/21/2021 09:47:18 PM,TRUE,agentive,4,1700,5,18,male,1
Web Link 1,13217622522,411980487,12/21/2021 09:43:42 PM,12/21/2021 09:46:00 PM,TRUE,nonagentive,1,0,3,19,male,1
Web Link 1,13217618321,411980487,12/21/2021 09:40:18 PM,12/21/2021 09:43:31 PM,TRUE,agentive,1,NA,3,18,female,1
Web Link 1,13217588572,411980487,12/21/2021 09:25:30 PM,12/21/2021 09:41:49 PM,TRUE,agentive,4,1700,6,20,female,1
Web Link 1,13217613133,411980487,12/21/2021 09:38:43 PM,12/21/2021 09:40:28 PM,TRUE,nonagentive,1,3400,3,19,female,1
Web Link 1,13217613324,411980487,12/21/2021 09:38:52 PM,12/21/2021 09:39:46 PM,TRUE,agentive,1,971.43,3,19,female,1
Web Link 1,13217278777,411980487,12/21/2021 06:52:44 PM,12/21/2021 09:37:41 PM,TRUE,nonagentive,7,500,4,19,female,1
Web Link 1,13217605302,411980487,12/21/2021 09:34:16 PM,12/21/2021 09:36:38 PM,TRUE,nonagentive,4,0,1,18,female,1
Web Link 1,13217608730,411980487,12/21/2021 09:35:52 PM,12/21/2021 09:36:28 PM,TRUE,NA,NA,NA,NA,NA,NA,NA
Web Link 1,13217604002,411980487,12/21/2021 09:33:37 PM,12/21/2021 09:36:08 PM,TRUE,agentive,4,1700,6,18,female,1
Web Link 1,13217602489,411980487,12/21/2021 09:32:25 PM,12/21/2021 09:34:16 PM,TRUE,agentive,1,NA,3,21,female,1
Web Link 1,13217603414,411980487,12/21/2021 09:33:24 PM,12/21/2021 09:33:34 PM,TRUE,NA,NA,NA,NA,NA,NA,NA
Web Link 1,13217601724,411980487,12/21/2021 09:32:25 PM,12/21/2021 09:32:41 PM,TRUE,NA,NA,NA,NA,NA,NA,NA
Web Link 1,13217591333,411980487,12/21/2021 09:26:44 PM,12/21/2021 09:31:25 PM,TRUE,nonagentive,1,1700,3,19,female,1
Web Link 1,13217594708,411980487,12/21/2021 09:28:42 PM,12/21/2021 09:31:14 PM,TRUE,agentive,1,425,2,18,female,1
Web Link 1,13217591983,411980487,12/21/2021 09:27:14 PM,12/21/2021 09:30:55 PM,TRUE,agentive,1,425,7,NA,NA,1
Web Link 1,13217592822,411980487,12/21/2021 09:26:22 PM,12/21/2021 09:30:35 PM,TRUE,nonagentive,7,3400,7,19,male,1
Web Link 1,13217593578,411980487,12/21/2021 09:27:25 PM,12/21/2021 09:30:13 PM,TRUE,agentive,1,NA,2,18,female,1
Web Link 1,13217593876,411980487,12/21/2021 09:27:59 PM,12/21/2021 09:30:08 PM,TRUE,agentive,1,0,4,19,female,1
Web Link 1,13217590038,411980487,12/21/2021 09:25:18 PM,12/21/2021 09:29:57 PM,TRUE,agentive,4,1700,4,19,female,1
Web Link 1,13217596093,411980487,12/21/2021 09:29:15 PM,12/21/2021 09:29:37 PM,TRUE,NA,NA,NA,NA,NA,NA,NA
Web Link 1,13217588337,411980487,12/21/2021 09:25:16 PM,12/21/2021 09:27:40 PM,TRUE,nonagentive,4,1512,4,19,female,1
Web Link 1,13217592143,411980487,12/21/2021 09:27:06 PM,12/21/2021 09:27:27 PM,TRUE,NA,NA,NA,NA,NA,NA,NA
Web Link 1,13217585991,411980487,12/21/2021 09:24:13 PM,12/21/2021 09:27:24 PM,TRUE,nonagentive,1,400,2,19,female,1
Web Link 1,13217591953,411980487,12/21/2021 09:27:15 PM,12/21/2021 09:27:22 PM,TRUE,NA,NA,NA,NA,NA,NA,NA
Web Link 1,13217584065,411980487,12/21/2021 09:23:09 PM,12/21/2021 09:27:10 PM,TRUE,nonagentive,7,2975,5,19,female,1
Web Link 1,13217591526,411980487,12/21/2021 09:26:52 PM,12/21/2021 09:27:08 PM,TRUE,NA,NA,NA,NA,NA,NA,NA
Web Link 1,13217588387,411980487,12/21/2021 09:25:24 PM,12/21/2021 09:26:27 PM,TRUE,agentive,7,3400,3,NA,female,1
Web Link 1,13217585160,411980487,12/21/2021 09:23:40 PM,12/21/2021 09:25:23 PM,TRUE,agentive,7,3000,7,19,male,1
Web Link 1,13217586171,411980487,12/21/2021 09:24:15 PM,12/21/2021 09:25:22 PM,TRUE,nonagentive,4,1700,7,NA,NA,NA
Web Link 1,13217583681,411980487,12/21/2021 09:22:57 PM,12/21/2021 09:25:00 PM,TRUE,agentive,7,3400,6,19,female,1
Web Link 1,13217578086,411980487,12/21/2021 09:19:59 PM,12/21/2021 09:24:38 PM,TRUE,nonagentive,4,1700,6,19,female,1
Web Link 1,13217579256,411980487,12/21/2021 09:20:38 PM,12/21/2021 09:23:44 PM,TRUE,nonagentive,7,0,3,19,female,1
Web Link 1,13217571195,411980487,12/21/2021 09:16:18 PM,12/21/2021 09:22:38 PM,TRUE,nonagentive,1,971.43,2,21,female,1
Web Link 1,13217574632,411980487,12/21/2021 09:17:47 PM,12/21/2021 09:20:50 PM,TRUE,agentive,1,1000,2,19,female,1
Web Link 1,13217572529,411980487,12/21/2021 09:16:56 PM,12/21/2021 09:18:19 PM,TRUE,agentive,4,0,1,NA,male,1
Web Link 1,13217566274,411980487,12/21/2021 09:13:52 PM,12/21/2021 09:17:16 PM,TRUE,nonagentive,7,3000,3,20,female,1
Web Link 1,13217563072,411980487,12/21/2021 09:12:09 PM,12/21/2021 09:15:14 PM,TRUE,agentive,7,2000,3,20,female,1
Web Link 1,13217563601,411980487,12/21/2021 09:12:11 PM,12/21/2021 09:14:12 PM,TRUE,agentive,7,3000,7,21,male,1
Web Link 1,13217560388,411980487,12/21/2021 09:10:41 PM,12/21/2021 09:12:45 PM,TRUE,nonagentive,1,400,5,19,male,1
Web Link 1,13217559912,411980487,12/21/2021 09:10:26 PM,12/21/2021 09:12:43 PM,TRUE,nonagentive,4,1700,2,22,male,1
Web Link 1,13217558880,411980487,12/21/2021 09:09:42 PM,12/21/2021 09:12:15 PM,TRUE,nonagentive,7,2975,2,19,female,1
Web Link 1,13217557894,411980487,12/21/2021 09:08:26 PM,12/21/2021 09:12:04 PM,TRUE,agentive,1,1700,6,19,female,1
Web Link 1,13217562544,411980487,12/21/2021 09:11:52 PM,12/21/2021 09:12:01 PM,TRUE,NA,NA,NA,NA,NA,NA,NA
Web Link 1,13217555320,411980487,12/21/2021 09:08:01 PM,12/21/2021 09:08:39 PM,TRUE,NA,NA,NA,NA,NA,NA,NA
Web Link 1,13217549685,411980487,12/21/2021 09:05:09 PM,12/21/2021 09:07:32 PM,TRUE,agentive,4,500,2,19,female,1
Web Link 1,13217540918,411980487,12/21/2021 09:00:15 PM,12/21/2021 09:07:27 PM,TRUE,agentive,1,500,5,19,male,1
Web Link 1,13217548893,411980487,12/21/2021 09:04:44 PM,12/21/2021 09:04:58 PM,TRUE,NA,NA,NA,NA,NA,NA,NA
Web Link 1,13217533728,411980487,12/21/2021 08:57:07 PM,12/21/2021 09:03:30 PM,TRUE,nonagentive,1,200,5,19,male,2
Web Link 1,13217541506,411980487,12/21/2021 09:01:09 PM,12/21/2021 09:03:10 PM,TRUE,nonagentive,7,0,3,19,female,1
Web Link 1,13217536800,411980487,12/21/2021 08:58:07 PM,12/21/2021 09:01:26 PM,TRUE,nonagentive,7,500,3,19,female,1
Web Link 1,13217541061,411980487,12/21/2021 09:00:49 PM,12/21/2021 09:01:02 PM,TRUE,NA,NA,NA,NA,NA,NA,NA
Web Link 1,13217533886,411980487,12/21/2021 08:57:04 PM,12/21/2021 09:00:29 PM,TRUE,nonagentive,4,1700,7,20,female,1
Web Link 1,13217527862,411980487,12/21/2021 08:53:58 PM,12/21/2021 08:58:35 PM,TRUE,nonagentive,4,1000,2,23,male,1
Web Link 1,13217532890,411980487,12/21/2021 08:56:26 PM,12/21/2021 08:58:08 PM,TRUE,agentive,7,NA,7,19,female,1
Web Link 1,13217532017,411980487,12/21/2021 08:55:45 PM,12/21/2021 08:58:01 PM,TRUE,agentive,7,3000,5,19,female,1
Web Link 1,13217529859,411980487,12/21/2021 08:54:55 PM,12/21/2021 08:56:45 PM,TRUE,nonagentive,7,NA,5,NA,NA,NA
Web Link 1,13217531328,411980487,12/21/2021 08:55:45 PM,12/21/2021 08:55:56 PM,TRUE,NA,NA,NA,NA,NA,NA,NA
Web Link 1,13217521891,411980487,12/21/2021 08:50:01 PM,12/21/2021 08:54:43 PM,TRUE,nonagentive,4,1700,5,20,female,1
Web Link 1,13217508775,411980487,12/21/2021 08:43:34 PM,12/21/2021 08:52:45 PM,TRUE,agentive,1,425,7,21,female,1
Web Link 1,13217512601,411980487,12/21/2021 08:45:25 PM,12/21/2021 08:51:54 PM,TRUE,agentive,7,2500,5,21,male,1
Web Link 1,13217511757,411980487,12/21/2021 08:45:34 PM,12/21/2021 08:48:10 PM,TRUE,nonagentive,7,3400,4,22,female,1
Web Link 1,13217442727,411980487,12/21/2021 08:10:44 PM,12/21/2021 08:44:53 PM,TRUE,agentive,4,1700,7,21,male,1
Web Link 1,13217509363,411980487,12/21/2021 08:44:03 PM,12/21/2021 08:44:29 PM,TRUE,NA,NA,NA,NA,NA,NA,NA
Web Link 1,13217502688,411980487,12/21/2021 08:40:58 PM,12/21/2021 08:43:34 PM,TRUE,agentive,1,200,2,20,female,1
Web Link 1,13217488878,411980487,12/21/2021 08:33:54 PM,12/21/2021 08:39:21 PM,TRUE,nonagentive,1,1000,4,19,female,1
Web Link 1,13217484762,411980487,12/21/2021 08:31:23 PM,12/21/2021 08:39:10 PM,TRUE,agentive,7,1000,3,18,male,1
Web Link 1,13217492859,411980487,12/21/2021 08:36:05 PM,12/21/2021 08:37:43 PM,TRUE,nonagentive,4,4000,5,18,female,1
Web Link 1,13217489199,411980487,12/21/2021 08:34:04 PM,12/21/2021 08:35:49 PM,TRUE,agentive,4,3400,6,19,female,1
Web Link 1,13217484444,411980487,12/21/2021 08:31:39 PM,12/21/2021 08:33:58 PM,TRUE,agentive,7,3400,6,19,male,1
Web Link 1,13217482427,411980487,12/21/2021 08:30:40 PM,12/21/2021 08:33:37 PM,TRUE,nonagentive,4,1700,4,19,female,1
Web Link 1,13217478933,411980487,12/21/2021 08:28:53 PM,12/21/2021 08:30:42 PM,TRUE,nonagentive,4,3400,1,19,female,1
Web Link 1,13217475058,411980487,12/21/2021 08:26:59 PM,12/21/2021 08:30:42 PM,TRUE,agentive,4,1700,5,19,female,1
Web Link 1,13217466674,411980487,12/21/2021 08:22:52 PM,12/21/2021 08:30:29 PM,TRUE,agentive,1,NA,3,23,female,1
Web Link 1,13217475554,411980487,12/21/2021 08:27:09 PM,12/21/2021 08:30:04 PM,TRUE,nonagentive,7,2975,7,21,male,1
Web Link 1,13217476426,411980487,12/21/2021 08:26:47 PM,12/21/2021 08:29:37 PM,TRUE,agentive,1,3400,3,20,female,1
Web Link 1,13217473996,411980487,12/21/2021 08:26:35 PM,12/21/2021 08:28:39 PM,TRUE,nonagentive,7,3100,7,18,female,1
Web Link 1,13217472682,411980487,12/21/2021 08:25:53 PM,12/21/2021 08:28:30 PM,TRUE,agentive,1,425,2,21,female,1
Web Link 1,13217472517,411980487,12/21/2021 08:25:55 PM,12/21/2021 08:27:23 PM,TRUE,agentive,4,NA,4,19,female,1
Web Link 1,13217468198,411980487,12/21/2021 08:23:40 PM,12/21/2021 08:26:26 PM,TRUE,agentive,4,3400,7,19,female,1
Web Link 1,13217468506,411980487,12/21/2021 08:23:51 PM,12/21/2021 08:24:02 PM,TRUE,NA,NA,NA,NA,NA,NA,NA
Web Link 1,13217463619,411980487,12/21/2021 08:20:10 PM,12/21/2021 08:24:00 PM,TRUE,agentive,7,2975,7,21,male,1
Web Link 1,13217407747,411980487,12/21/2021 07:52:48 PM,12/21/2021 08:22:29 PM,TRUE,nonagentive,4,1700,5,19,female,1
Web Link 1,13217442858,411980487,12/21/2021 08:10:46 PM,12/21/2021 08:22:14 PM,TRUE,agentive,4,1700,3,19,female,1
Web Link 1,13217459828,411980487,12/21/2021 08:18:21 PM,12/21/2021 08:21:03 PM,TRUE,nonagentive,1,0,1,20,male,2
Web Link 1,13217456508,411980487,12/21/2021 08:17:35 PM,12/21/2021 08:20:26 PM,TRUE,nonagentive,4,500,4,21,male,1
Web Link 1,13217453667,411980487,12/21/2021 08:16:09 PM,12/21/2021 08:19:32 PM,TRUE,nonagentive,7,3400,5,19,female,1
Web Link 1,13217453919,411980487,12/21/2021 08:16:09 PM,12/21/2021 08:16:27 PM,TRUE,NA,NA,NA,NA,NA,NA,NA
Web Link 1,13217448435,411980487,12/21/2021 08:12:52 PM,12/21/2021 08:16:17 PM,TRUE,nonagentive,7,0,1,22,male,1
Web Link 1,13217439598,411980487,12/21/2021 08:09:00 PM,12/21/2021 08:15:02 PM,TRUE,agentive,7,2975,6,19,female,1
Web Link 1,13217449487,411980487,12/21/2021 08:14:03 PM,12/21/2021 08:14:13 PM,TRUE,NA,NA,NA,NA,NA,NA,NA
Web Link 1,13217441112,411980487,12/21/2021 08:09:52 PM,12/21/2021 08:12:13 PM,TRUE,nonagentive,7,1700,4,21,male,1
Web Link 1,13217436111,411980487,12/21/2021 08:06:18 PM,12/21/2021 08:11:27 PM,TRUE,agentive,1,3400,7,22,male,1
Web Link 1,13217397143,411980487,12/21/2021 07:48:00 PM,12/21/2021 08:10:50 PM,TRUE,nonagentive,1,400,2,24,female,1
Web Link 1,13217437518,411980487,12/21/2021 08:07:59 PM,12/21/2021 08:09:05 PM,TRUE,nonagentive,4,3400,4,22,male,1
Web Link 1,13217432519,411980487,12/21/2021 08:05:14 PM,12/21/2021 08:05:47 PM,TRUE,NA,NA,NA,NA,NA,NA,NA
Web Link 1,13217427283,411980487,12/21/2021 08:03:07 PM,12/21/2021 08:05:00 PM,TRUE,agentive,7,0,7,22,male,1
Web Link 1,13217421663,411980487,12/21/2021 08:00:13 PM,12/21/2021 08:03:25 PM,TRUE,nonagentive,4,1700,4,19,male,1
Web Link 1,13217414446,411980487,12/21/2021 07:56:27 PM,12/21/2021 07:58:36 PM,TRUE,agentive,7,1500,5,18,female,1
Web Link 1,13217406727,411980487,12/21/2021 07:52:50 PM,12/21/2021 07:58:12 PM,TRUE,nonagentive,7,1700,3,20,male,1
Web Link 1,13217410600,411980487,12/21/2021 07:54:32 PM,12/21/2021 07:56:57 PM,TRUE,nonagentive,4,1700,4,19,female,1
Web Link 1,13217406560,411980487,12/21/2021 07:52:44 PM,12/21/2021 07:53:27 PM,TRUE,nonagentive,4,1700,1,NA,NA,NA
Web Link 1,13217400952,411980487,12/21/2021 07:49:50 PM,12/21/2021 07:52:53 PM,TRUE,agentive,4,1000,2,18,male,1
Web Link 1,13217405927,411980487,12/21/2021 07:52:27 PM,12/21/2021 07:52:34 PM,TRUE,NA,NA,NA,NA,NA,NA,NA
Web Link 1,13217405885,411980487,12/21/2021 07:51:56 PM,12/21/2021 07:52:33 PM,TRUE,NA,NA,NA,NA,NA,NA,NA
Web Link 1,13217400599,411980487,12/21/2021 07:49:44 PM,12/21/2021 07:52:16 PM,TRUE,agentive,4,1700,2,21,female,1
Web Link 1,13217400127,411980487,12/21/2021 07:49:28 PM,12/21/2021 07:52:09 PM,TRUE,agentive,1,425,2,NA,male,1
Web Link 1,13217365064,411980487,12/21/2021 07:32:28 PM,12/21/2021 07:51:41 PM,TRUE,agentive,7,0,7,21,female,1
Web Link 1,13217400093,411980487,12/21/2021 07:49:27 PM,12/21/2021 07:51:26 PM,TRUE,nonagentive,7,3400,3,20,female,1
Web Link 1,13217398450,411980487,12/21/2021 07:48:10 PM,12/21/2021 07:51:16 PM,TRUE,agentive,7,1700,3,20,female,1
Web Link 1,13217391063,411980487,12/21/2021 07:44:45 PM,12/21/2021 07:49:28 PM,TRUE,nonagentive,7,2000,4,19,female,1
Web Link 1,13217397563,411980487,12/21/2021 07:47:56 PM,12/21/2021 07:48:19 PM,TRUE,NA,NA,NA,NA,NA,NA,NA
Web Link 1,13217382043,411980487,12/21/2021 07:40:23 PM,12/21/2021 07:43:48 PM,TRUE,agentive,4,3400,7,19,female,1
Web Link 1,13217362366,411980487,12/21/2021 07:31:01 PM,12/21/2021 07:40:09 PM,TRUE,nonagentive,7,2800,7,22,female,1
Web Link 1,13217366500,411980487,12/21/2021 07:33:11 PM,12/21/2021 07:38:46 PM,TRUE,nonagentive,1,425,2,19,female,2
Web Link 1,13217373679,411980487,12/21/2021 07:36:31 PM,12/21/2021 07:36:39 PM,TRUE,NA,NA,NA,NA,NA,NA,NA
Web Link 1,13217369549,411980487,12/21/2021 07:34:18 PM,12/21/2021 07:36:32 PM,TRUE,agentive,1,NA,6,NA,NA,NA
Web Link 1,13217367690,411980487,12/21/2021 07:33:45 PM,12/21/2021 07:33:53 PM,TRUE,NA,NA,NA,NA,NA,NA,NA
Web Link 1,13217361503,411980487,12/21/2021 07:30:42 PM,12/21/2021 07:30:56 PM,TRUE,NA,NA,NA,NA,NA,NA,NA
Web Link 1,13217351337,411980487,12/21/2021 07:25:03 PM,12/21/2021 07:29:25 PM,TRUE,nonagentive,4,6800,7,24,female,1
Web Link 1,13217348142,411980487,12/21/2021 07:24:02 PM,12/21/2021 07:28:46 PM,TRUE,agentive,7,3400,5,19,female,1
Web Link 1,13217343500,411980487,12/21/2021 07:21:49 PM,12/21/2021 07:28:17 PM,TRUE,nonagentive,7,3050,7,18,male,1
Web Link 1,13217350804,411980487,12/21/2021 07:25:40 PM,12/21/2021 07:28:15 PM,TRUE,agentive,4,1700,5,20,male,1
Web Link 1,13217351592,411980487,12/21/2021 07:26:02 PM,12/21/2021 07:27:43 PM,TRUE,agentive,4,1700,6,20,male,1
Web Link 1,13217347272,411980487,12/21/2021 07:23:47 PM,12/21/2021 07:26:14 PM,TRUE,nonagentive,1,0,1,19,female,1
Web Link 1,13217346759,411980487,12/21/2021 07:23:32 PM,12/21/2021 07:25:49 PM,TRUE,agentive,7,3400,6,18,male,1
Web Link 1,13217350299,411980487,12/21/2021 07:25:15 PM,12/21/2021 07:25:37 PM,TRUE,NA,NA,NA,NA,NA,NA,NA
Web Link 1,13217342125,411980487,12/21/2021 07:21:08 PM,12/21/2021 07:24:31 PM,TRUE,nonagentive,1,0,7,24,female,1
Web Link 1,13217339658,411980487,12/21/2021 07:20:17 PM,12/21/2021 07:23:21 PM,TRUE,nonagentive,7,2380,6,NA,female,1
Web Link 1,13217339511,411980487,12/21/2021 07:20:00 PM,12/21/2021 07:21:30 PM,TRUE,nonagentive,1,0,1,22,female,1
Web Link 1,13217333434,411980487,12/21/2021 07:16:49 PM,12/21/2021 07:19:19 PM,TRUE,agentive,7,3000,7,18,male,1
Web Link 1,13217335271,411980487,12/21/2021 07:17:48 PM,12/21/2021 07:18:23 PM,TRUE,NA,NA,NA,NA,NA,NA,NA
Web Link 1,13217331989,411980487,12/21/2021 07:16:41 PM,12/21/2021 07:18:13 PM,TRUE,agentive,7,1650,2,19,female,1
Web Link 1,13217326508,411980487,12/21/2021 07:13:43 PM,12/21/2021 07:17:36 PM,TRUE,nonagentive,1,500,1,18,female,1
Web Link 1,13217325802,411980487,12/21/2021 07:13:52 PM,12/21/2021 07:16:21 PM,TRUE,agentive,7,2975,7,23,female,1
Web Link 1,13217328603,411980487,12/21/2021 07:15:14 PM,12/21/2021 07:16:11 PM,TRUE,nonagentive,4,3400,7,19,male,1
Web Link 1,13217320600,411980487,12/21/2021 07:11:01 PM,12/21/2021 07:15:31 PM,TRUE,agentive,7,3400,5,19,male,1
Web Link 1,13217325121,411980487,12/21/2021 07:13:41 PM,12/21/2021 07:15:03 PM,TRUE,agentive,7,3400,7,19,male,1
Web Link 1,13217323214,411980487,12/21/2021 07:12:48 PM,12/21/2021 07:12:55 PM,TRUE,NA,NA,NA,NA,NA,NA,NA
Web Link 1,13217316646,411980487,12/21/2021 07:09:46 PM,12/21/2021 07:11:42 PM,TRUE,nonagentive,4,400,3,18,female,1
Web Link 1,13217317405,411980487,12/21/2021 07:10:08 PM,12/21/2021 07:10:19 PM,TRUE,NA,NA,NA,NA,NA,NA,NA
Web Link 1,13217266202,411980487,12/21/2021 06:46:40 PM,12/21/2021 07:10:11 PM,TRUE,nonagentive,4,1700,4,18,female,1
Web Link 1,13217316665,411980487,12/21/2021 07:09:49 PM,12/21/2021 07:09:58 PM,TRUE,NA,NA,NA,NA,NA,NA,NA
Web Link 1,13217312972,411980487,12/21/2021 07:07:57 PM,12/21/2021 07:08:19 PM,TRUE,NA,NA,NA,NA,NA,NA,NA
Web Link 1,13217311936,411980487,12/21/2021 07:07:36 PM,12/21/2021 07:07:50 PM,TRUE,NA,NA,NA,NA,NA,NA,NA
Web Link 1,13217308470,411980487,12/21/2021 07:06:12 PM,12/21/2021 07:06:20 PM,TRUE,NA,NA,NA,NA,NA,NA,NA
Web Link 1,13217244662,411980487,12/21/2021 06:37:34 PM,12/21/2021 07:03:17 PM,TRUE,agentive,7,3400,5,19,female,1
Web Link 1,13217290688,411980487,12/21/2021 06:58:14 PM,12/21/2021 07:03:01 PM,TRUE,nonagentive,4,1700,4,19,female,1
Web Link 1,13217298524,411980487,12/21/2021 07:01:48 PM,12/21/2021 07:02:54 PM,TRUE,agentive,7,3400,2,21,male,2
Web Link 1,13217294632,411980487,12/21/2021 07:00:08 PM,12/21/2021 07:02:51 PM,TRUE,nonagentive,1,3400,2,19,female,1
Web Link 1,13217289938,411980487,12/21/2021 06:57:56 PM,12/21/2021 06:59:48 PM,TRUE,agentive,1,425,6,19,female,1
Web Link 1,13217289931,411980487,12/21/2021 06:57:58 PM,12/21/2021 06:58:22 PM,TRUE,agentive,4,NA,NA,NA,NA,NA
Web Link 1,13217284186,411980487,12/21/2021 06:54:57 PM,12/21/2021 06:57:51 PM,TRUE,agentive,4,3400,5,18,female,1
Web Link 1,13217286088,411980487,12/21/2021 06:55:56 PM,12/21/2021 06:57:43 PM,TRUE,nonagentive,7,1800,6,NA,NA,NA
Web Link 1,13217289011,411980487,12/21/2021 06:57:22 PM,12/21/2021 06:57:37 PM,TRUE,NA,NA,NA,NA,NA,NA,NA
Web Link 1,13217287946,411980487,12/21/2021 06:57:00 PM,12/21/2021 06:57:05 PM,TRUE,NA,NA,NA,NA,NA,NA,NA
Web Link 1,13217280618,411980487,12/21/2021 06:53:27 PM,12/21/2021 06:53:45 PM,TRUE,NA,NA,NA,NA,NA,NA,NA
Web Link 1,13217271296,411980487,12/21/2021 06:49:23 PM,12/21/2021 06:51:12 PM,TRUE,nonagentive,7,500,2,18,female,1
Web Link 1,13217271891,411980487,12/21/2021 06:49:37 PM,12/21/2021 06:49:49 PM,TRUE,NA,NA,NA,NA,NA,NA,NA
Web Link 1,13217267768,411980487,12/21/2021 06:47:35 PM,12/21/2021 06:49:19 PM,TRUE,nonagentive,4,1700,5,19,female,1
Web Link 1,13217257100,411980487,12/21/2021 06:42:37 PM,12/21/2021 06:48:44 PM,TRUE,nonagentive,7,2975,2,22,female,1
Web Link 1,13217267501,411980487,12/21/2021 06:47:36 PM,12/21/2021 06:47:47 PM,TRUE,NA,NA,NA,NA,NA,NA,NA
Web Link 1,13217254157,411980487,12/21/2021 06:41:40 PM,12/21/2021 06:41:47 PM,TRUE,NA,NA,NA,NA,NA,NA,NA
Web Link 1,13217245933,411980487,12/21/2021 06:37:52 PM,12/21/2021 06:40:27 PM,TRUE,nonagentive,1,680,2,19,female,1
Web Link 1,13217245349,411980487,12/21/2021 06:37:47 PM,12/21/2021 06:40:23 PM,TRUE,agentive,7,680,2,18,female,1
Web Link 1,13217242970,411980487,12/21/2021 06:36:49 PM,12/21/2021 06:38:19 PM,TRUE,nonagentive,4,1700,5,19,female,1
Web Link 1,13217245010,411980487,12/21/2021 06:37:35 PM,12/21/2021 06:37:48 PM,TRUE,NA,NA,NA,NA,NA,NA,NA
Web Link 1,13217243067,411980487,12/21/2021 06:36:51 PM,12/21/2021 06:36:59 PM,TRUE,NA,NA,NA,NA,NA,NA,NA
Web Link 1,13217240235,411980487,12/21/2021 06:35:35 PM,12/21/2021 06:35:47 PM,TRUE,NA,NA,NA,NA,NA,NA,NA
Web Link 1,13217237917,411980487,12/21/2021 06:34:40 PM,12/21/2021 06:35:10 PM,TRUE,nonagentive,7,NA,5,NA,NA,NA
Web Link 1,13217238079,411980487,12/21/2021 06:34:44 PM,12/21/2021 06:34:52 PM,TRUE,NA,NA,NA,NA,NA,NA,NA
