respondent_id,collector_id,start_date,end_date,informed_consent,agency,blame_level,assess_fine,assess_active_role,age,gender
12832925265,407503439,2021-07-20T23:30:22Z,2021-07-20T23:31:33Z,TRUE,nonagentive,4,750,6,41,female
12832925059,407503439,2021-07-20T23:16:13Z,2021-07-20T23:32:04Z,TRUE,nonagentive,7,1200,5,23,male
12832887503,407503439,2021-07-20T23:13:04Z,2021-07-20T23:15:14Z,TRUE,nonagentive,7,1250,5,26,male
12832885456,407503439,2021-07-20T23:12:06Z,2021-07-20T23:13:48Z,TRUE,nonagentive,4,750,5,35,female
12832885311,407503439,2021-07-20T23:12:17Z,2021-07-20T23:13:43Z,TRUE,agentive,1,0,3,33,male
12832883702,407503439,2021-07-20T23:11:33Z,2021-07-20T23:13:05Z,TRUE,nonagentive,7,200,6,57,female
12832882936,407503439,2021-07-20T23:11:25Z,2021-07-20T23:11:49Z,TRUE,agentive,1,1000,6,25,male
12832881958,407503439,2021-07-20T23:10:54Z,2021-07-20T23:12:12Z,TRUE,nonagentive,7,1000,7,24,male
12832881258,407503439,2021-07-20T23:10:37Z,2021-07-20T23:11:34Z,TRUE,nonagentive,4,750,3,23,male
12832880814,407503439,2021-07-20T23:10:09Z,2021-07-20T23:12:01Z,TRUE,agentive,7,1350,6,46,male
12832880092,407503439,2021-07-20T23:09:42Z,2021-07-20T23:11:38Z,TRUE,agentive,1,0,5,65,male
12832879053,407503439,2021-07-20T23:09:16Z,2021-07-20T23:11:40Z,TRUE,nonagentive,1,0,2,23,female
12832878369,407503439,2021-07-20T23:08:52Z,2021-07-20T23:10:58Z,TRUE,nonagentive,7,1300,4,28,female
12832877252,407503439,2021-07-20T23:08:15Z,2021-07-20T23:10:15Z,TRUE,agentive,7,400,6,36,female
12832875540,407503439,2021-07-20T23:07:56Z,2021-07-20T23:09:29Z,TRUE,agentive,4,750,3,23,other
12832873997,407503439,2021-07-20T23:07:15Z,2021-07-20T23:08:56Z,TRUE,nonagentive,4,0,2,NA,male
12832871790,407503439,2021-07-20T23:06:12Z,2021-07-20T23:07:47Z,TRUE,nonagentive,7,0,2,36,female
12832870842,407503439,2021-07-20T23:05:08Z,2021-07-20T23:11:04Z,TRUE,agentive,4,750,5,32,male
12832869880,407503439,2021-07-20T23:05:36Z,2021-07-20T23:07:33Z,TRUE,nonagentive,4,650,5,34,female
12832869287,407503439,2021-07-20T23:04:27Z,2021-07-20T23:07:49Z,TRUE,agentive,4,750,5,42,female
12832869215,407503439,2021-07-20T23:01:35Z,2021-07-20T23:12:37Z,TRUE,agentive,7,1300,2,36,male
12832868873,407503439,2021-07-20T23:05:04Z,2021-07-20T23:06:26Z,TRUE,nonagentive,1,350,5,33,female
12832868322,407503439,2021-07-20T23:04:42Z,2021-07-20T23:06:29Z,TRUE,agentive,7,250,3,55,female
12832867951,407503439,2021-07-20T23:04:45Z,2021-07-20T23:05:53Z,TRUE,nonagentive,4,750,5,21,female
12832867376,407503439,2021-07-20T23:04:33Z,2021-07-20T23:05:59Z,TRUE,nonagentive,4,600,5,27,male
12832867232,407503439,2021-07-20T23:04:13Z,2021-07-20T23:05:25Z,TRUE,nonagentive,7,1000,6,50,female
12832867057,407503439,2021-07-20T23:04:12Z,2021-07-20T23:07:21Z,TRUE,nonagentive,1,0,2,42,male
12832866765,407503439,2021-07-20T23:04:08Z,2021-07-20T23:15:49Z,TRUE,nonagentive,1,250,3,39,female
12832865925,407503439,2021-07-20T23:03:46Z,2021-07-20T23:05:24Z,TRUE,agentive,4,1000,6,24,male
12832865790,407503439,2021-07-20T23:03:46Z,2021-07-20T23:04:54Z,TRUE,agentive,4,750,7,28,male
12832863839,407503439,2021-07-20T23:03:07Z,2021-07-20T23:04:24Z,TRUE,nonagentive,1,2,2,22,male
12832863349,407503439,2021-07-20T23:02:01Z,2021-07-20T23:05:27Z,TRUE,nonagentive,7,750,6,53,female
12832863123,407503439,2021-07-20T23:02:44Z,2021-07-20T23:03:57Z,TRUE,agentive,4,1000,5,26,male
12832860885,407503439,2021-07-20T23:01:28Z,2021-07-20T23:02:54Z,TRUE,agentive,1,300,5,26,male
12832860868,407503439,2021-07-20T23:01:43Z,2021-07-20T23:02:41Z,TRUE,nonagentive,7,1500,7,20,male
12832858662,407503439,2021-07-20T23:00:58Z,2021-07-20T23:03:28Z,TRUE,nonagentive,7,750,4,NA,male
12832858165,407503439,2021-07-20T23:00:44Z,2021-07-20T23:02:01Z,TRUE,nonagentive,4,0,6,40,male
12832858108,407503439,2021-07-20T23:00:36Z,2021-07-20T23:01:32Z,TRUE,nonagentive,1,0,5,24,female
12832857947,407503439,2021-07-20T23:00:33Z,2021-07-20T23:01:19Z,TRUE,agentive,7,1500,7,50,male
12832851821,407503439,2021-07-20T22:57:48Z,2021-07-20T22:59:30Z,TRUE,agentive,1,250,3,59,female
12832851021,407503439,2021-07-20T22:57:34Z,2021-07-20T22:59:16Z,TRUE,agentive,7,1250,6,39,female
12832849653,407503439,2021-07-20T22:57:00Z,2021-07-20T22:58:06Z,TRUE,agentive,4,750,4,19,male
12832849153,407503439,2021-07-20T22:54:57Z,2021-07-20T23:00:33Z,TRUE,agentive,7,1500,7,52,male
12832848968,407503439,2021-07-20T22:56:38Z,2021-07-20T22:58:02Z,TRUE,agentive,7,1312.5,5,27,male
12832848460,407503439,2021-07-20T22:56:22Z,2021-07-20T22:58:39Z,TRUE,nonagentive,1,0,2,28,female
12832847031,407503439,2021-07-20T22:55:38Z,2021-07-20T22:56:48Z,TRUE,nonagentive,7,1200,2,NA,male
12832846417,407503439,2021-07-20T22:55:18Z,2021-07-20T22:57:44Z,TRUE,agentive,1,0,2,23,male
12832845779,407503439,2021-07-20T22:55:12Z,2021-07-20T22:55:56Z,TRUE,nonagentive,7,1500,5,22,male
12832845097,407503439,2021-07-20T22:54:48Z,2021-07-20T22:56:38Z,TRUE,agentive,7,7500,6,61,female
12832845085,407503439,2021-07-20T22:54:54Z,2021-07-20T22:56:58Z,TRUE,nonagentive,4,750,5,25,male
12832844015,407503439,2021-07-20T22:54:30Z,2021-07-20T23:13:21Z,TRUE,nonagentive,4,500,3,38,female
12832842621,407503439,2021-07-20T22:53:53Z,2021-07-20T22:55:02Z,TRUE,agentive,1,500,3,24,female
12832841726,407503439,2021-07-20T22:53:29Z,2021-07-20T22:54:30Z,TRUE,nonagentive,1,0,2,35,female
12832840470,407503439,2021-07-20T22:52:37Z,2021-07-20T22:53:57Z,TRUE,agentive,7,5,5,23,male
12832839667,407503439,2021-07-20T22:52:26Z,2021-07-20T22:53:48Z,TRUE,agentive,7,500,5,38,male
12832839584,407503439,2021-07-20T22:52:36Z,2021-07-20T22:53:40Z,TRUE,nonagentive,4,500,2,19,female
12832837875,407503439,2021-07-20T22:51:44Z,2021-07-20T22:53:17Z,TRUE,nonagentive,7,1500,5,33,female
12832836991,407503439,2021-07-20T22:51:17Z,2021-07-20T22:52:59Z,TRUE,agentive,4,750,5,34,male
12832836803,407503439,2021-07-20T22:51:10Z,2021-07-20T22:52:13Z,TRUE,agentive,4,750,7,32,male
12832836794,407503439,2021-07-20T22:51:21Z,2021-07-20T22:52:18Z,TRUE,nonagentive,4,0,2,22,female
12832836659,407503439,2021-07-20T22:51:17Z,2021-07-20T22:52:43Z,TRUE,agentive,1,0,5,27,male
12832836638,407503439,2021-07-20T22:51:03Z,2021-07-20T22:52:54Z,TRUE,agentive,7,300,5,29,other
12832836412,407503439,2021-07-20T22:50:56Z,2021-07-20T22:52:50Z,TRUE,nonagentive,1,0,1,25,female
12832836338,407503439,2021-07-20T22:50:01Z,2021-07-20T22:52:11Z,TRUE,agentive,1,0,6,41,female
12832836287,407503439,2021-07-20T22:51:03Z,2021-07-20T22:52:15Z,TRUE,agentive,4,750,6,32,male
12832835729,407503439,2021-07-20T22:50:55Z,2021-07-20T22:52:00Z,TRUE,nonagentive,4,300,4,20,female
12832834939,407503439,2021-07-20T22:50:33Z,2021-07-20T22:51:56Z,TRUE,nonagentive,4,400,4,23,NA
12832834302,407503439,2021-07-20T22:50:06Z,2021-07-20T22:51:03Z,TRUE,agentive,4,750,5,29,other
12832834174,407503439,2021-07-20T22:50:06Z,2021-07-20T22:52:13Z,TRUE,nonagentive,7,1312,2,29,female
12832833300,407503439,2021-07-20T22:49:04Z,2021-07-20T22:52:03Z,TRUE,agentive,4,750,6,25,female
12832833237,407503439,2021-07-20T22:48:25Z,2021-07-20T22:51:27Z,TRUE,agentive,7,1200,5,44,male
12832833136,407503439,2021-07-20T22:49:42Z,2021-07-20T22:51:02Z,TRUE,agentive,7,0,5,35,male
12832832961,407503439,2021-07-20T22:49:39Z,2021-07-20T22:50:33Z,TRUE,agentive,4,2000,5,22,male
12832828409,407503439,2021-07-20T22:47:36Z,2021-07-20T22:49:29Z,TRUE,agentive,7,1500,7,46,female
12832827752,407503439,2021-07-20T22:46:52Z,2021-07-20T22:49:17Z,TRUE,nonagentive,7,500,3,20,female
12832827114,407503439,2021-07-20T22:47:03Z,2021-07-20T22:48:43Z,TRUE,agentive,1,175,2,44,female
12832826860,407503439,2021-07-20T22:46:56Z,2021-07-20T22:48:42Z,TRUE,agentive,7,1300,7,25,male
12832825146,407503439,2021-07-20T22:46:10Z,2021-07-20T22:47:41Z,TRUE,agentive,4,750,5,35,female
12832824065,407503439,2021-07-20T22:45:00Z,2021-07-20T22:48:09Z,TRUE,nonagentive,7,0,2,54,female
12832823511,407503439,2021-07-20T22:45:30Z,2021-07-20T22:46:42Z,TRUE,nonagentive,7,1500,7,26,male
12832822924,407503439,2021-07-20T22:45:15Z,2021-07-20T22:46:51Z,TRUE,agentive,1,200,7,22,male
12832822626,407503439,2021-07-20T22:45:05Z,2021-07-20T22:46:31Z,TRUE,nonagentive,7,1500,7,32,male
12832822566,407503439,2021-07-20T22:44:57Z,2021-07-20T22:49:14Z,TRUE,nonagentive,7,1500,5,20,female
12832820771,407503439,2021-07-20T22:44:21Z,2021-07-20T22:45:25Z,TRUE,nonagentive,4,750,4,20,female
12832820647,407503439,2021-07-20T22:43:09Z,2021-07-20T22:50:14Z,TRUE,agentive,4,750,6,36,female
12832819884,407503439,2021-07-20T22:43:46Z,2021-07-20T22:44:48Z,TRUE,agentive,7,750,6,30,female
12832819586,407503439,2021-07-20T22:43:44Z,2021-07-20T22:44:46Z,TRUE,nonagentive,1,0,1,18,male
12832819509,407503439,2021-07-20T22:43:49Z,2021-07-20T22:45:02Z,TRUE,nonagentive,1,0,3,22,male
12832818323,407503439,2021-07-20T22:42:59Z,2021-07-20T22:44:30Z,TRUE,nonagentive,4,0,5,42,male
12832818111,407503439,2021-07-20T22:42:55Z,2021-07-20T22:44:19Z,TRUE,nonagentive,1,250,2,19,male
12832816352,407503439,2021-07-20T22:42:19Z,2021-07-20T22:44:07Z,TRUE,nonagentive,7,500,6,47,male
12832815540,407503439,2021-07-20T22:41:56Z,2021-07-20T22:43:38Z,TRUE,agentive,4,750,5,33,I prefer not to answer
12832813931,407503439,2021-07-20T22:41:11Z,2021-07-20T22:43:00Z,TRUE,agentive,4,1500,7,32,male
12832813324,407503439,2021-07-20T22:40:56Z,2021-07-20T22:42:25Z,TRUE,agentive,4,750,5,34,female
12832813282,407503439,2021-07-20T22:40:26Z,2021-07-20T22:43:14Z,TRUE,agentive,1,1500,7,39,male
12832812240,407503439,2021-07-20T22:40:30Z,2021-07-20T22:41:25Z,TRUE,agentive,7,1000,6,35,female
12832812026,407503439,2021-07-20T22:40:31Z,2021-07-20T22:41:51Z,TRUE,agentive,7,800,4,29,male
12832810974,407503439,2021-07-20T22:39:31Z,2021-07-20T22:41:34Z,TRUE,nonagentive,1,0,1,29,male
12832810972,407503439,2021-07-20T22:39:31Z,2021-07-20T22:43:55Z,TRUE,agentive,4,750,7,23,male
12832809917,407503439,2021-07-20T22:39:23Z,2021-07-20T22:41:29Z,TRUE,nonagentive,7,0,7,49,female
12832809480,407503439,2021-07-20T22:39:27Z,2021-07-20T22:40:09Z,TRUE,nonagentive,1,0,1,23,male
12832809125,407503439,2021-07-20T22:39:14Z,2021-07-20T22:40:16Z,TRUE,nonagentive,7,1250,7,37,male
12832808988,407503439,2021-07-20T22:36:34Z,2021-07-20T22:40:18Z,TRUE,nonagentive,1,100,3,39,male
12832807492,407503439,2021-07-20T22:38:24Z,2021-07-20T22:40:00Z,TRUE,agentive,4,800,5,36,male
12832803830,407503439,2021-07-20T22:36:44Z,2021-07-20T22:37:58Z,TRUE,agentive,4,750,5,33,female
12832803490,407503439,2021-07-20T22:36:34Z,2021-07-20T22:38:13Z,TRUE,nonagentive,1,150,2,37,other
12832802507,407503439,2021-07-20T22:36:17Z,2021-07-20T22:40:34Z,TRUE,agentive,4,0,5,35,female
12832801518,407503439,2021-07-20T22:35:42Z,2021-07-20T22:37:31Z,TRUE,nonagentive,7,1500,5,29,female
12832800645,407503439,2021-07-20T22:35:21Z,2021-07-20T22:36:33Z,TRUE,agentive,4,1500,4,34,male
12832797725,407503439,2021-07-20T22:34:01Z,2021-07-20T22:35:33Z,TRUE,agentive,1,0,5,42,male
12832795582,407503439,2021-07-20T22:31:41Z,2021-07-20T22:35:20Z,TRUE,agentive,1,187.5,3,67,male
12832794913,407503439,2021-07-20T22:32:56Z,2021-07-20T22:34:27Z,TRUE,agentive,7,1000,6,28,male
12832794636,407503439,2021-07-20T22:32:27Z,2021-07-20T22:34:25Z,TRUE,nonagentive,4,1000,5,27,female
12832794539,407503439,2021-07-20T22:32:33Z,2021-07-20T22:34:13Z,TRUE,nonagentive,7,1312.5,5,21,male
12832792894,407503439,2021-07-20T22:32:02Z,2021-07-20T22:33:08Z,TRUE,agentive,4,7500,4,18,male
12832792767,407503439,2021-07-20T22:31:53Z,2021-07-20T22:33:14Z,TRUE,agentive,7,1500,5,37,female
12832792488,407503439,2021-07-20T22:31:48Z,2021-07-20T22:33:20Z,TRUE,agentive,1,750,4,70,female
12832791927,407503439,2021-07-20T22:31:29Z,2021-07-20T22:34:58Z,TRUE,nonagentive,1,187,4,31,male
12832791463,407503439,2021-07-20T22:30:49Z,2021-07-20T22:34:45Z,TRUE,nonagentive,4,1500,5,68,female
12832790634,407503439,2021-07-20T22:30:40Z,2021-07-20T22:32:36Z,TRUE,agentive,4,0,4,51,female
12832790453,407503439,2021-07-20T22:30:41Z,2021-07-20T22:33:00Z,TRUE,nonagentive,7,12000,7,NA,male
12832789171,407503439,2021-07-20T22:30:21Z,2021-07-20T22:31:49Z,TRUE,agentive,4,1500,6,28,male
12832785462,407503439,2021-07-20T22:28:25Z,2021-07-20T22:30:08Z,TRUE,agentive,1,0,2,NA,female
12832784494,407503439,2021-07-20T22:28:18Z,2021-07-20T22:42:47Z,TRUE,nonagentive,4,50,2,19,female
12832783865,407503439,2021-07-20T22:27:56Z,2021-07-20T22:31:04Z,TRUE,nonagentive,4,750,5,18,female
12832783187,407503439,2021-07-20T22:27:35Z,2021-07-20T22:29:17Z,TRUE,nonagentive,4,250,4,57,male
12832782816,407503439,2021-07-20T22:27:20Z,2021-07-20T22:28:59Z,TRUE,agentive,1,1500,6,NA,female
12832780883,407503439,2021-07-20T22:26:23Z,2021-07-20T22:28:09Z,TRUE,agentive,4,600,5,22,female
12832779274,407503439,2021-07-20T22:25:57Z,2021-07-20T22:27:10Z,TRUE,agentive,4,1500,4,33,male
12832779234,407503439,2021-07-20T22:25:47Z,2021-07-20T22:27:05Z,TRUE,agentive,4,0,3,29,female
12832778725,407503439,2021-07-20T22:25:26Z,2021-07-20T22:28:22Z,TRUE,nonagentive,1,300,7,29,male
12832778283,407503439,2021-07-20T22:25:29Z,2021-07-20T22:26:36Z,TRUE,nonagentive,7,1200,5,20,male
12832777080,407503439,2021-07-20T22:24:31Z,2021-07-20T22:27:06Z,TRUE,nonagentive,1,187.5,2,29,male
12832776132,407503439,2021-07-20T22:24:22Z,2021-07-20T22:25:39Z,TRUE,agentive,4,1500,5,22,female
12832775693,407503439,2021-07-20T22:24:11Z,2021-07-20T22:25:48Z,TRUE,agentive,7,1000,4,22,male
12832775504,407503439,2021-07-20T22:24:01Z,2021-07-20T22:25:39Z,TRUE,nonagentive,1,0,3,31,female
12832774921,407503439,2021-07-20T22:23:42Z,2021-07-20T22:25:01Z,TRUE,nonagentive,4,750,4,27,female
12832774276,407503439,2021-07-20T22:23:35Z,2021-07-20T22:24:37Z,TRUE,agentive,7,1000,5,24,male
12832774269,407503439,2021-07-20T22:23:33Z,2021-07-20T22:25:19Z,TRUE,agentive,7,1300,6,34,female
12832774068,407503439,2021-07-20T22:23:27Z,2021-07-20T22:24:39Z,TRUE,nonagentive,7,1000,5,29,male
12832773507,407503439,2021-07-20T22:22:42Z,2021-07-20T22:25:12Z,TRUE,nonagentive,1,100,5,30,female
12832770597,407503439,2021-07-20T22:21:51Z,2021-07-20T22:24:19Z,TRUE,nonagentive,7,1000,6,51,male
12832769222,407503439,2021-07-20T22:20:42Z,2021-07-20T22:23:36Z,TRUE,nonagentive,7,200,4,22,I prefer not to answer
12832766522,407503439,2021-07-20T22:20:09Z,2021-07-20T22:20:56Z,TRUE,agentive,4,750,4,22,male
12832766460,407503439,2021-07-20T22:20:05Z,2021-07-20T22:22:21Z,TRUE,agentive,7,1000,6,27,female
12832764773,407503439,2021-07-20T22:18:37Z,2021-07-20T22:21:37Z,TRUE,agentive,7,0,6,51,female
12832763527,407503439,2021-07-20T22:18:46Z,2021-07-20T22:19:59Z,TRUE,nonagentive,7,1250,5,21,male
12832762917,407503439,2021-07-20T22:18:27Z,2021-07-20T22:20:14Z,TRUE,nonagentive,1,500,7,37,male
12832762292,407503439,2021-07-20T22:17:57Z,2021-07-20T22:21:09Z,TRUE,nonagentive,4,750,2,41,male
12832761457,407503439,2021-07-20T22:17:47Z,2021-07-20T22:19:17Z,TRUE,agentive,7,1200,5,25,female
12832759332,407503439,2021-07-20T22:16:56Z,2021-07-20T22:18:09Z,TRUE,nonagentive,7,1300,6,23,female
12832758500,407503439,2021-07-20T22:16:36Z,2021-07-20T22:17:48Z,TRUE,agentive,7,1312.5,7,22,male
12832758351,407503439,2021-07-20T22:16:25Z,2021-07-20T22:17:50Z,TRUE,nonagentive,1,0,4,26,male
12832757262,407503439,2021-07-20T22:16:01Z,2021-07-20T22:17:07Z,TRUE,nonagentive,7,1300,5,18,female
12832756522,407503439,2021-07-20T22:13:54Z,2021-07-20T22:17:19Z,TRUE,nonagentive,1,0,4,53,female
12832755425,407503439,2021-07-20T22:15:10Z,2021-07-20T22:17:05Z,TRUE,nonagentive,4,3,4,39,female
12832751944,407503439,2021-07-20T22:13:25Z,2021-07-20T22:25:15Z,TRUE,nonagentive,7,1500,5,36,male
12832751131,407503439,2021-07-20T22:13:15Z,2021-07-20T22:14:04Z,TRUE,nonagentive,4,1500,7,21,female
12832750890,407503439,2021-07-20T22:13:09Z,2021-07-20T22:13:59Z,TRUE,nonagentive,1,0,7,23,female
12832749360,407503439,2021-07-20T22:12:25Z,2021-07-20T22:13:45Z,TRUE,nonagentive,4,750,5,20,female
12832748001,407503439,2021-07-20T22:11:40Z,2021-07-20T22:14:20Z,TRUE,agentive,1,15,5,45,female
12832747778,407503439,2021-07-20T22:11:29Z,2021-07-20T22:18:54Z,TRUE,agentive,7,500,5,34,female
12832746376,407503439,2021-07-20T22:11:14Z,2021-07-20T22:12:25Z,TRUE,agentive,4,500,4,27,male
12832745674,407503439,2021-07-20T22:10:47Z,2021-07-20T22:12:25Z,TRUE,agentive,1,1500,7,71,female
12832744339,407503439,2021-07-20T22:10:09Z,2021-07-20T22:11:22Z,TRUE,nonagentive,1,1500,7,49,female
12832742613,407503439,2021-07-20T22:09:29Z,2021-07-20T22:10:29Z,TRUE,nonagentive,1,0,1,44,female
12832742173,407503439,2021-07-20T22:09:02Z,2021-07-20T22:10:50Z,TRUE,nonagentive,1,100,2,21,male
12832740776,407503439,2021-07-20T22:08:35Z,2021-07-20T22:10:06Z,TRUE,agentive,1,188,5,34,female
12832740224,407503439,2021-07-20T22:08:32Z,2021-07-20T22:09:49Z,TRUE,agentive,7,1000,6,25,male
12832736542,407503439,2021-07-20T22:06:37Z,2021-07-20T22:08:11Z,TRUE,agentive,1,0,2,NA,female
12832735069,407503439,2021-07-20T22:06:13Z,2021-07-20T22:07:23Z,TRUE,nonagentive,7,500,6,23,male
12832734602,407503439,2021-07-20T22:05:58Z,2021-07-20T22:07:12Z,TRUE,nonagentive,7,1500,5,21,male
12832733993,407503439,2021-07-20T22:05:47Z,2021-07-20T22:07:06Z,TRUE,nonagentive,1,0,2,20,female
12832731543,407503439,2021-07-20T22:04:44Z,2021-07-20T22:06:14Z,TRUE,agentive,1,200,5,18,male
12832728707,407503439,2021-07-20T22:03:09Z,2021-07-20T22:05:06Z,TRUE,agentive,1,1500,7,25,male
12832726551,407503439,2021-07-20T22:02:36Z,2021-07-20T22:03:31Z,TRUE,nonagentive,1,0,6,44,male
12832726403,407503439,2021-07-20T22:02:28Z,2021-07-20T22:03:39Z,TRUE,agentive,4,0,5,40,female
12832724935,407503439,2021-07-20T22:01:51Z,2021-07-20T22:02:52Z,TRUE,nonagentive,7,0,2,36,female
12832723619,407503439,2021-07-20T22:01:19Z,2021-07-20T22:10:19Z,TRUE,nonagentive,4,1500,4,31,male
12832723544,407503439,2021-07-20T22:00:57Z,2021-07-20T22:04:10Z,TRUE,agentive,1,500,5,51,female
12832722765,407503439,2021-07-20T22:00:52Z,2021-07-20T22:02:24Z,TRUE,agentive,7,1500,7,37,female
12832720211,407503439,2021-07-20T21:59:38Z,2021-07-20T22:01:02Z,TRUE,agentive,7,1500,6,28,male
12832718321,407503439,2021-07-20T21:58:49Z,2021-07-20T22:00:24Z,TRUE,agentive,1,500,7,21,female
12832713354,407503439,2021-07-20T21:56:49Z,2021-07-20T21:57:40Z,TRUE,nonagentive,4,750,4,30,female
12832713170,407503439,2021-07-20T21:56:30Z,2021-07-20T21:58:28Z,TRUE,agentive,7,1000,5,26,female
12832712852,407503439,2021-07-20T21:56:23Z,2021-07-20T21:57:57Z,TRUE,agentive,4,750,5,32,male
12832712341,407503439,2021-07-20T21:56:20Z,2021-07-20T21:57:32Z,TRUE,nonagentive,7,1000,5,20,female
12832709423,407503439,2021-07-20T21:55:00Z,2021-07-20T21:56:31Z,TRUE,agentive,4,750,7,22,female
12832708515,407503439,2021-07-20T21:54:41Z,2021-07-20T21:56:19Z,TRUE,agentive,1,1500,7,21,male
12832708385,407503439,2021-07-20T21:54:31Z,2021-07-20T21:56:29Z,TRUE,agentive,4,750,5,41,male
12832708257,407503439,2021-07-20T21:54:35Z,2021-07-20T21:55:02Z,TRUE,nonagentive,1,1500,4,22,male
12832707442,407503439,2021-07-20T21:53:57Z,2021-07-20T21:55:29Z,TRUE,nonagentive,7,0,2,18,male
12832706809,407503439,2021-07-20T21:53:40Z,2021-07-20T21:55:31Z,TRUE,agentive,1,0,6,31,female
12832705903,407503439,2021-07-20T21:52:11Z,2021-07-20T21:54:44Z,TRUE,agentive,4,750,5,42,male
12832704188,407503439,2021-07-20T21:52:50Z,2021-07-20T21:54:03Z,TRUE,nonagentive,4,500,4,26,female
12832700188,407503439,2021-07-20T21:46:32Z,2021-07-20T21:53:37Z,TRUE,agentive,1,0,2,37,female
12832696447,407503439,2021-07-20T21:49:02Z,2021-07-20T21:51:12Z,TRUE,agentive,4,750,7,53,male
12832695661,407503439,2021-07-20T21:48:43Z,2021-07-20T21:50:43Z,TRUE,nonagentive,1,0,5,30,female
12832695519,407503439,2021-07-20T21:49:01Z,2021-07-20T21:50:08Z,TRUE,agentive,7,1500,4,25,female
12832694760,407503439,2021-07-20T21:48:43Z,2021-07-20T21:50:26Z,TRUE,agentive,1,0,3,47,female
12832694258,407503439,2021-07-20T21:48:31Z,2021-07-20T21:50:03Z,TRUE,nonagentive,1,150,7,41,male
12832690750,407503439,2021-07-20T21:46:43Z,2021-07-20T21:49:30Z,TRUE,nonagentive,1,187.5,7,21,male
12832689467,407503439,2021-07-20T21:46:12Z,2021-07-20T21:47:52Z,TRUE,agentive,1,150,4,29,male
12832689297,407503439,2021-07-20T21:46:16Z,2021-07-20T21:47:23Z,TRUE,agentive,7,1200,6,19,other
12832688357,407503439,2021-07-20T21:45:50Z,2021-07-20T21:46:58Z,TRUE,nonagentive,7,1250,7,19,female
12832688288,407503439,2021-07-20T21:45:51Z,2021-07-20T21:46:36Z,TRUE,nonagentive,7,500,5,20,male
12832686881,407503439,2021-07-20T21:45:10Z,2021-07-20T21:46:12Z,TRUE,nonagentive,1,0,1,28,male
12832684407,407503439,2021-07-20T21:43:52Z,2021-07-20T21:45:57Z,TRUE,nonagentive,7,0,2,36,male
12832684328,407503439,2021-07-20T21:43:42Z,2021-07-20T21:45:44Z,TRUE,nonagentive,7,1050,7,29,male
12832683968,407503439,2021-07-20T21:43:13Z,2021-07-20T21:45:06Z,TRUE,nonagentive,4,750,4,20,male
12832683199,407503439,2021-07-20T21:43:28Z,2021-07-20T21:45:19Z,TRUE,agentive,4,750,4,25,male
12832682892,407503439,2021-07-20T21:43:20Z,2021-07-20T21:44:32Z,TRUE,agentive,4,1500,4,25,female
12832682148,407503439,2021-07-20T21:43:00Z,2021-07-20T21:44:42Z,TRUE,agentive,1,0,2,22,male
12832681428,407503439,2021-07-20T21:42:28Z,2021-07-20T21:43:45Z,TRUE,nonagentive,7,500,4,31,female
12832680696,407503439,2021-07-20T21:41:54Z,2021-07-20T21:43:43Z,TRUE,nonagentive,1,1500,3,31,male
12832680440,407503439,2021-07-20T21:42:10Z,2021-07-20T21:43:01Z,TRUE,agentive,4,750,7,36,male
12832679087,407503439,2021-07-20T21:41:35Z,2021-07-20T21:42:53Z,TRUE,agentive,7,0,4,47,female
12832677158,407503439,2021-07-20T21:40:52Z,2021-07-20T21:42:00Z,TRUE,nonagentive,7,2000,7,41,male
12832676878,407503439,2021-07-20T21:40:12Z,2021-07-20T21:42:26Z,TRUE,agentive,1,0,2,26,male
12832676871,407503439,2021-07-20T21:38:34Z,2021-07-20T21:48:25Z,TRUE,nonagentive,1,500,2,21,female
12832675653,407503439,2021-07-20T21:39:53Z,2021-07-20T21:41:15Z,TRUE,nonagentive,4,300,6,21,male
12832675617,407503439,2021-07-20T21:40:05Z,2021-07-20T21:41:16Z,TRUE,nonagentive,7,1300,5,29,male
12832675575,407503439,2021-07-20T21:39:59Z,2021-07-20T21:41:59Z,TRUE,agentive,1,1500,2,33,female
12832675325,407503439,2021-07-20T21:39:49Z,2021-07-20T21:40:53Z,TRUE,nonagentive,4,0,2,72,female
12832673168,407503439,2021-07-20T21:38:58Z,2021-07-20T21:40:58Z,TRUE,nonagentive,7,1100,5,27,female
12832672600,407503439,2021-07-20T21:38:35Z,2021-07-20T21:39:57Z,TRUE,nonagentive,4,0,2,49,male
12832671821,407503439,2021-07-20T21:38:06Z,2021-07-20T21:42:29Z,TRUE,nonagentive,4,50,5,NA,male
12832670818,407503439,2021-07-20T21:37:43Z,2021-07-20T21:39:49Z,TRUE,nonagentive,7,1300,6,26,female
12832669376,407503439,2021-07-20T21:37:28Z,2021-07-20T21:38:29Z,TRUE,agentive,1,0,6,27,male
12832668599,407503439,2021-07-20T21:37:07Z,2021-07-20T21:37:35Z,TRUE,nonagentive,4,1500,6,30,female
12832668100,407503439,2021-07-20T21:36:26Z,2021-07-20T21:39:29Z,TRUE,agentive,1,1500,7,54,female
12832667960,407503439,2021-07-20T21:36:48Z,2021-07-20T21:37:45Z,TRUE,agentive,1,0,2,23,female
12832666405,407503439,2021-07-20T21:36:16Z,2021-07-20T21:37:11Z,TRUE,agentive,7,500,4,25,female
12832666001,407503439,2021-07-20T21:35:54Z,2021-07-20T21:37:09Z,TRUE,nonagentive,4,750,2,26,male
12832665401,407503439,2021-07-20T21:35:43Z,2021-07-20T21:37:05Z,TRUE,agentive,4,1500,7,18,female
12832663474,407503439,2021-07-20T21:34:46Z,2021-07-20T21:36:28Z,TRUE,agentive,7,0,3,43,female
12832662232,407503439,2021-07-20T21:34:19Z,2021-07-20T21:35:24Z,TRUE,nonagentive,1,15,2,25,female
12832662190,407503439,2021-07-20T21:34:21Z,2021-07-20T21:36:33Z,TRUE,agentive,4,750,4,20,female
12832661687,407503439,2021-07-20T21:34:02Z,2021-07-20T21:35:59Z,TRUE,agentive,7,1500,6,58,female
12832660395,407503439,2021-07-20T21:33:35Z,2021-07-20T21:34:49Z,TRUE,agentive,1,200,5,49,female
12832660272,407503439,2021-07-20T21:33:32Z,2021-07-20T21:34:13Z,TRUE,nonagentive,1,0,2,23,male
12832660000,407503439,2021-07-20T21:32:54Z,2021-07-20T21:35:19Z,TRUE,agentive,4,750,4,49,female
12832658675,407503439,2021-07-20T21:32:51Z,2021-07-20T21:34:14Z,TRUE,agentive,1,200,6,32,female
12832657814,407503439,2021-07-20T21:31:57Z,2021-07-20T21:34:15Z,TRUE,agentive,4,750,5,20,male
12832656144,407503439,2021-07-20T21:31:24Z,2021-07-20T21:34:43Z,TRUE,nonagentive,4,0,2,56,female
12832656129,407503439,2021-07-20T21:31:44Z,2021-07-20T21:55:33Z,TRUE,nonagentive,7,1100,5,25,male
12832654927,407503439,2021-07-20T21:30:51Z,2021-07-20T21:33:22Z,TRUE,nonagentive,4,1000,4,38,male
12832654588,407503439,2021-07-20T21:30:50Z,2021-07-20T21:32:39Z,TRUE,nonagentive,4,750,6,31,female
12832653199,407503439,2021-07-20T21:30:09Z,2021-07-20T21:31:32Z,TRUE,agentive,4,800,5,21,male
12832652402,407503439,2021-07-20T21:29:48Z,2021-07-20T21:31:06Z,TRUE,agentive,1,2,3,21,other
12832650396,407503439,2021-07-20T21:29:19Z,2021-07-20T21:30:58Z,TRUE,agentive,4,800,5,23,male
12832649737,407503439,2021-07-20T21:28:58Z,2021-07-20T21:30:12Z,TRUE,nonagentive,1,250,5,23,I prefer not to answer
12832648884,407503439,2021-07-20T21:28:43Z,2021-07-20T21:29:55Z,TRUE,agentive,7,1500,6,35,female
12832648209,407503439,2021-07-20T21:27:55Z,2021-07-20T21:30:11Z,TRUE,nonagentive,7,0,1,47,female
12832648094,407503439,2021-07-20T21:28:24Z,2021-07-20T21:29:38Z,TRUE,nonagentive,7,1500,5,30,male
12832646254,407503439,2021-07-20T21:27:35Z,2021-07-20T21:28:52Z,TRUE,nonagentive,4,750,6,37,male
12832645211,407503439,2021-07-20T21:27:13Z,2021-07-20T21:29:05Z,TRUE,nonagentive,4,750,4,25,female
12832644289,407503439,2021-07-20T21:26:46Z,2021-07-20T21:28:33Z,TRUE,nonagentive,1,0,2,23,male
12832642457,407503439,2021-07-20T21:25:52Z,2021-07-20T21:27:25Z,TRUE,agentive,1,300,3,18,female
12832637014,407503439,2021-07-20T21:23:11Z,2021-07-20T21:26:01Z,TRUE,agentive,1,730,6,28,female
12832634529,407503439,2021-07-20T21:22:23Z,2021-07-20T21:24:45Z,TRUE,agentive,7,0,6,32,male
12832633891,407503439,2021-07-20T21:22:21Z,2021-07-20T21:23:17Z,TRUE,agentive,4,1500,7,18,female
12832631625,407503439,2021-07-20T21:21:24Z,2021-07-20T21:22:26Z,TRUE,agentive,4,1000,5,22,female
12832630857,407503439,2021-07-20T21:20:57Z,2021-07-20T21:21:52Z,TRUE,nonagentive,1,100,5,21,male
12832627730,407503439,2021-07-20T21:19:46Z,2021-07-20T21:20:28Z,TRUE,agentive,7,500,4,32,female
12832627197,407503439,2021-07-20T21:18:06Z,2021-07-20T21:20:44Z,TRUE,agentive,1,750,5,20,other
12832624637,407503439,2021-07-20T21:18:11Z,2021-07-20T21:20:31Z,TRUE,nonagentive,4,500,3,37,female
12832623403,407503439,2021-07-20T21:17:47Z,2021-07-20T21:19:31Z,TRUE,agentive,1,0,1,45,male
12832622013,407503439,2021-07-20T21:17:11Z,2021-07-20T21:18:47Z,TRUE,agentive,7,1500,6,28,female
12832620289,407503439,2021-07-20T21:16:17Z,2021-07-20T21:18:07Z,TRUE,nonagentive,4,1500,6,18,male
12832619481,407503439,2021-07-20T21:16:12Z,2021-07-20T21:17:30Z,TRUE,agentive,4,800,5,24,male
12832618829,407503439,2021-07-20T21:15:47Z,2021-07-20T21:18:03Z,TRUE,nonagentive,4,750,1,27,female
12832618750,407503439,2021-07-20T21:15:17Z,2021-07-20T21:24:32Z,TRUE,nonagentive,4,750,3,19,female
12832618457,407503439,2021-07-20T21:15:45Z,2021-07-20T21:17:02Z,TRUE,nonagentive,4,750,6,50,female
12832618392,407503439,2021-07-20T21:15:40Z,2021-07-20T21:17:08Z,TRUE,nonagentive,1,0,5,36,female
12832617326,407503439,2021-07-20T21:13:26Z,2021-07-20T21:27:26Z,TRUE,agentive,7,1250,5,26,female
12832615290,407503439,2021-07-20T21:14:27Z,2021-07-20T21:16:26Z,TRUE,nonagentive,4,600,5,38,male
12832614516,407503439,2021-07-20T21:14:04Z,2021-07-20T21:15:04Z,TRUE,nonagentive,1,187.5,2,20,male
12832614224,407503439,2021-07-20T21:13:41Z,2021-07-20T21:15:56Z,TRUE,nonagentive,1,0,1,71,male
12832613995,407503439,2021-07-20T21:13:06Z,2021-07-20T21:16:09Z,TRUE,agentive,1,0,7,72,female
12832612904,407503439,2021-07-20T21:13:36Z,2021-07-20T21:14:51Z,TRUE,agentive,1,0,5,33,male
12832611100,407503439,2021-07-20T21:12:28Z,2021-07-20T21:15:13Z,TRUE,nonagentive,7,1500,3,21,female
12832610394,407503439,2021-07-20T21:12:32Z,2021-07-20T21:13:55Z,TRUE,agentive,7,700,4,20,female
12832609120,407503439,2021-07-20T21:11:58Z,2021-07-20T21:12:55Z,TRUE,nonagentive,1,800,6,18,female
12832608842,407503439,2021-07-20T21:11:44Z,2021-07-20T21:13:15Z,TRUE,nonagentive,7,8500,4,32,male
12832604996,407503439,2021-07-20T21:10:09Z,2021-07-20T21:11:30Z,TRUE,agentive,4,1500,6,22,male
12832604966,407503439,2021-07-20T21:10:16Z,2021-07-20T21:11:42Z,TRUE,nonagentive,7,0,3,43,female
12832603477,407503439,2021-07-20T21:09:26Z,2021-07-20T21:11:39Z,TRUE,agentive,7,1350,7,20,male
12832603011,407503439,2021-07-20T21:09:32Z,2021-07-20T21:10:40Z,TRUE,agentive,4,750,5,25,male
12832599144,407503439,2021-07-20T21:07:34Z,2021-07-20T21:11:02Z,TRUE,nonagentive,7,750,4,39,female
12832598788,407503439,2021-07-20T21:07:52Z,2021-07-20T21:08:57Z,TRUE,nonagentive,1,0,4,36,male
12832596600,407503439,2021-07-20T21:07:02Z,2021-07-20T21:08:25Z,TRUE,nonagentive,7,750,5,49,male
12832596147,407503439,2021-07-20T21:06:49Z,2021-07-20T21:07:49Z,TRUE,nonagentive,4,750,6,29,male
12832589752,407503439,2021-07-20T21:04:03Z,2021-07-20T21:05:54Z,TRUE,nonagentive,4,750,7,44,female
12832589518,407503439,2021-07-20T21:03:48Z,2021-07-20T21:05:51Z,TRUE,agentive,4,0,1,32,male
12832588569,407503439,2021-07-20T21:03:45Z,2021-07-20T21:05:02Z,TRUE,agentive,4,1500,4,18,female
12832586419,407503439,2021-07-20T21:03:01Z,2021-07-20T21:04:44Z,TRUE,agentive,7,1000,5,20,male
12832585856,407503439,2021-07-20T21:02:47Z,2021-07-20T21:03:38Z,TRUE,nonagentive,4,1500,5,35,male
12832585778,407503439,2021-07-20T21:02:48Z,2021-07-20T21:03:46Z,TRUE,nonagentive,1,185,2,24,male
12832581698,407503439,2021-07-20T21:01:10Z,2021-07-20T21:03:21Z,TRUE,agentive,4,0,1,36,female
12832580335,407503439,2021-07-20T21:00:33Z,2021-07-20T21:03:08Z,TRUE,nonagentive,1,300,2,21,female
12832576168,407503439,2021-07-20T20:59:08Z,2021-07-20T21:00:37Z,TRUE,agentive,1,0,7,26,female
12832573213,407503439,2021-07-20T20:57:15Z,2021-07-20T20:59:09Z,TRUE,nonagentive,1,100,2,37,male
12832570582,407503439,2021-07-20T20:56:34Z,2021-07-20T20:58:29Z,TRUE,agentive,4,750,4,23,male
12832570272,407503439,2021-07-20T20:55:48Z,2021-07-20T20:59:26Z,TRUE,nonagentive,7,500,5,31,female
12832569708,407503439,2021-07-20T20:56:15Z,2021-07-20T20:58:33Z,TRUE,nonagentive,1,300,3,28,male
12832568720,407503439,2021-07-20T20:55:57Z,2021-07-20T20:56:55Z,TRUE,agentive,7,1000,6,19,female
12832568713,407503439,2021-07-20T20:55:55Z,2021-07-20T20:57:03Z,TRUE,agentive,1,1500,1,32,female
12832567334,407503439,2021-07-20T20:55:11Z,2021-07-20T20:58:16Z,TRUE,agentive,1,50,3,33,female
12832565797,407503439,2021-07-20T20:54:42Z,2021-07-20T20:56:01Z,TRUE,agentive,4,700,2,21,female
12832564797,407503439,2021-07-20T20:54:01Z,2021-07-20T20:56:08Z,TRUE,nonagentive,1,175,4,40,female
12832564460,407503439,2021-07-20T20:54:06Z,2021-07-20T20:55:10Z,TRUE,agentive,1,100,2,22,male
12832560484,407503439,2021-07-20T20:52:11Z,2021-07-20T20:54:16Z,TRUE,nonagentive,7,500,3,29,female
12832559846,407503439,2021-07-20T20:51:35Z,2021-07-20T20:54:58Z,TRUE,nonagentive,7,0,3,29,female
12832559845,407503439,2021-07-20T20:51:58Z,2021-07-20T20:58:11Z,TRUE,nonagentive,1,1875,4,20,male
12832558928,407503439,2021-07-20T20:50:56Z,2021-07-20T20:53:44Z,TRUE,nonagentive,7,1300,2,20,female
12832558432,407503439,2021-07-20T20:51:26Z,2021-07-20T20:52:30Z,TRUE,agentive,7,1200,6,26,female
12832557531,407503439,2021-07-20T20:51:04Z,2021-07-20T20:52:00Z,TRUE,nonagentive,7,1250,5,20,female
12832556678,407503439,2021-07-20T20:50:46Z,2021-07-20T20:52:45Z,TRUE,agentive,1,200,7,45,male
12832556239,407503439,2021-07-20T20:50:33Z,2021-07-20T20:52:29Z,TRUE,agentive,7,2,7,32,male
12832556068,407503439,2021-07-20T20:50:32Z,2021-07-20T20:51:58Z,TRUE,nonagentive,7,1050,2,25,female
12832555947,407503439,2021-07-20T20:50:21Z,2021-07-20T20:51:44Z,TRUE,nonagentive,1,100,2,30,female
12832554481,407503439,2021-07-20T20:49:29Z,2021-07-20T20:51:10Z,TRUE,nonagentive,1,50,1,56,female
12832554448,407503439,2021-07-20T20:49:35Z,2021-07-20T20:51:24Z,TRUE,agentive,7,750,5,40,female
12832552948,407503439,2021-07-20T20:49:11Z,2021-07-20T20:51:08Z,TRUE,agentive,7,NA,7,19,female
12832551886,407503439,2021-07-20T20:48:45Z,2021-07-20T20:49:39Z,TRUE,nonagentive,1,0,3,33,male
12832551522,407503439,2021-07-20T20:47:57Z,2021-07-20T20:52:13Z,TRUE,nonagentive,7,1125,7,68,female
12832551451,407503439,2021-07-20T20:48:21Z,2021-07-20T20:50:09Z,TRUE,nonagentive,4,500,6,66,female
12832547525,407503439,2021-07-20T20:46:52Z,2021-07-20T20:47:33Z,TRUE,agentive,4,750,7,23,male
12832546973,407503439,2021-07-20T20:46:29Z,2021-07-20T20:48:11Z,TRUE,agentive,7,0,2,26,male
12832546464,407503439,2021-07-20T20:46:23Z,2021-07-20T20:48:26Z,TRUE,nonagentive,1,200,7,23,male
12832546191,407503439,2021-07-20T20:46:08Z,2021-07-20T20:47:46Z,TRUE,agentive,1,150,5,45,female
12832545397,407503439,2021-07-20T20:45:15Z,2021-07-20T20:48:02Z,TRUE,nonagentive,1,187.5,1,33,female
12832544957,407503439,2021-07-20T20:45:49Z,2021-07-20T20:47:08Z,TRUE,nonagentive,1,200,3,18,male
12832544347,407503439,2021-07-20T20:45:12Z,2021-07-20T20:47:39Z,TRUE,agentive,7,750,7,68,male
12832542238,407503439,2021-07-20T20:43:47Z,2021-07-20T20:46:49Z,TRUE,nonagentive,4,400,4,24,male
12832540020,407503439,2021-07-20T20:43:38Z,2021-07-20T20:46:13Z,TRUE,agentive,7,1000,5,48,female
12832538747,407503439,2021-07-20T20:43:16Z,2021-07-20T20:44:43Z,TRUE,agentive,4,800,6,39,male
12832536923,407503439,2021-07-20T20:41:00Z,2021-07-20T20:45:27Z,TRUE,agentive,1,0,2,79,female
12832533667,407503439,2021-07-20T20:40:56Z,2021-07-20T20:43:40Z,TRUE,agentive,1,100,2,49,male
12832533298,407503439,2021-07-20T20:40:36Z,2021-07-20T20:42:33Z,TRUE,agentive,4,750,4,18,female
12832531534,407503439,2021-07-20T20:40:13Z,2021-07-20T20:41:45Z,TRUE,agentive,1,200,5,30,female
12832530639,407503439,2021-07-20T20:39:54Z,2021-07-20T20:41:45Z,TRUE,nonagentive,4,800,4,29,female
12832530171,407503439,2021-07-20T20:39:35Z,2021-07-20T20:41:11Z,TRUE,nonagentive,1,0,1,57,male
12832529672,407503439,2021-07-20T20:39:24Z,2021-07-20T20:41:21Z,TRUE,agentive,4,1500,7,38,female
12832527390,407503439,2021-07-20T20:38:11Z,2021-07-20T20:40:35Z,TRUE,agentive,4,750,6,41,female
12832527337,407503439,2021-07-20T20:38:33Z,2021-07-20T20:39:51Z,TRUE,nonagentive,4,0,2,25,male
12832527036,407503439,2021-07-20T20:37:16Z,2021-07-20T20:44:56Z,TRUE,agentive,4,NA,2,NA,male
12832525425,407503439,2021-07-20T20:37:42Z,2021-07-20T20:40:12Z,TRUE,nonagentive,7,1312.5,5,27,male
12832525126,407503439,2021-07-20T20:37:07Z,2021-07-20T20:39:09Z,TRUE,agentive,4,200,4,20,male
12832524729,407503439,2021-07-20T20:37:29Z,2021-07-20T20:39:30Z,TRUE,nonagentive,1,185,2,28,male
12832523643,407503439,2021-07-20T20:34:15Z,2021-07-20T20:41:07Z,TRUE,agentive,4,1500,7,39,male
12832523067,407503439,2021-07-20T20:36:49Z,2021-07-20T20:37:36Z,TRUE,agentive,7,1000,5,32,female
12832522922,407503439,2021-07-20T20:36:35Z,2021-07-20T20:38:30Z,TRUE,nonagentive,7,1200,5,35,male
12832522885,407503439,2021-07-20T20:35:57Z,2021-07-20T20:38:26Z,TRUE,nonagentive,1,0,6,44,male
12832521264,407503439,2021-07-20T20:35:41Z,2021-07-20T20:37:29Z,TRUE,agentive,1,150,5,26,male
12832517125,407503439,2021-07-20T20:34:19Z,2021-07-20T20:35:29Z,TRUE,nonagentive,4,500,5,30,male
12832515652,407503439,2021-07-20T20:33:37Z,2021-07-20T20:35:42Z,TRUE,agentive,1,200,7,29,female
12832515205,407503439,2021-07-20T20:33:27Z,2021-07-20T20:35:10Z,TRUE,agentive,1,1000,6,29,female
12832512801,407503439,2021-07-20T20:32:26Z,2021-07-20T20:35:01Z,TRUE,nonagentive,7,1200,5,43,female
12832511584,407503439,2021-07-20T20:32:01Z,2021-07-20T20:33:05Z,TRUE,nonagentive,7,1500,6,36,male
12832510807,407503439,2021-07-20T20:28:51Z,2021-07-20T20:32:42Z,TRUE,nonagentive,7,1300,7,56,female
12832510118,407503439,2021-07-20T20:31:27Z,2021-07-20T20:32:26Z,TRUE,agentive,4,800,5,39,female
12832508279,407503439,2021-07-20T20:30:35Z,2021-07-20T20:31:56Z,TRUE,agentive,4,1500,5,33,male
12832507492,407503439,2021-07-20T20:30:29Z,2021-07-20T20:31:24Z,TRUE,nonagentive,7,0,3,31,female
12832507216,407503439,2021-07-20T20:30:15Z,2021-07-20T20:31:32Z,TRUE,nonagentive,1,500,3,20,female
12832505317,407503439,2021-07-20T20:29:25Z,2021-07-20T20:31:09Z,TRUE,agentive,4,750,4,30,female
12832503210,407503439,2021-07-20T20:28:43Z,2021-07-20T20:29:44Z,TRUE,agentive,7,500,6,30,male
12832501460,407503439,2021-07-20T20:27:49Z,2021-07-20T20:29:38Z,TRUE,agentive,4,750,5,38,female
12832497287,407503439,2021-07-20T20:26:14Z,2021-07-20T20:27:29Z,TRUE,nonagentive,1,200,2,34,female
12832496591,407503439,2021-07-20T20:25:53Z,2021-07-20T20:27:38Z,TRUE,agentive,4,375,4,21,female
12832492416,407503439,2021-07-20T20:24:10Z,2021-07-20T20:25:27Z,TRUE,agentive,1,500,6,21,female
12832492005,407503439,2021-07-20T20:24:04Z,2021-07-20T20:25:41Z,TRUE,agentive,4,500,5,21,male
12832490585,407503439,2021-07-20T20:21:28Z,2021-07-20T20:25:18Z,TRUE,nonagentive,7,1000,5,26,male
12832486148,407503439,2021-07-20T20:21:25Z,2021-07-20T20:26:19Z,TRUE,nonagentive,4,750,4,29,female
12832484739,407503439,2021-07-20T20:20:46Z,2021-07-20T20:23:18Z,TRUE,nonagentive,7,1200,5,33,female
12832482411,407503439,2021-07-20T20:19:48Z,2021-07-20T20:21:45Z,TRUE,agentive,4,0,3,26,male
12832480310,407503439,2021-07-20T20:19:10Z,2021-07-20T20:20:23Z,TRUE,nonagentive,1,0,2,42,female
12832478192,407503439,2021-07-20T20:18:16Z,2021-07-20T20:24:32Z,TRUE,nonagentive,1,1500,4,31,female
12832474888,407503439,2021-07-20T20:16:38Z,2021-07-20T20:18:55Z,TRUE,agentive,4,350,7,27,male
12832474085,407503439,2021-07-20T20:16:36Z,2021-07-20T20:17:39Z,TRUE,nonagentive,7,0,2,39,female
12832468950,407503439,2021-07-20T20:14:38Z,2021-07-20T20:15:52Z,TRUE,agentive,4,NA,2,30,male
12832468562,407503439,2021-07-20T20:14:16Z,2021-07-20T20:15:45Z,TRUE,nonagentive,7,0,3,41,female
12832465964,407503439,2021-07-20T20:13:16Z,2021-07-20T20:15:14Z,TRUE,agentive,1,100,2,21,female
12832464527,407503439,2021-07-20T20:12:45Z,2021-07-20T20:13:55Z,TRUE,nonagentive,4,0,5,28,male
12832463908,407503439,2021-07-20T20:12:04Z,2021-07-20T20:13:51Z,TRUE,nonagentive,4,1500,6,27,female
12832463171,407503439,2021-07-20T20:12:10Z,2021-07-20T20:13:42Z,TRUE,nonagentive,4,500,4,24,female
12832462769,407503439,2021-07-20T20:12:02Z,2021-07-20T20:14:04Z,TRUE,nonagentive,1,0,7,24,male
12832462614,407503439,2021-07-20T20:11:52Z,2021-07-20T20:13:17Z,TRUE,nonagentive,7,750,5,18,male
12832461493,407503439,2021-07-20T20:11:33Z,2021-07-20T20:12:27Z,TRUE,agentive,4,750,5,30,female
12832459841,407503439,2021-07-20T20:10:51Z,2021-07-20T20:12:20Z,TRUE,agentive,1,187.5,7,46,male
12832457526,407503439,2021-07-20T20:09:48Z,2021-07-20T20:11:29Z,TRUE,agentive,4,250,5,25,other
12832456449,407503439,2021-07-20T20:09:33Z,2021-07-20T20:10:50Z,TRUE,agentive,4,750,5,36,male
12832453375,407503439,2021-07-20T20:07:53Z,2021-07-20T20:10:26Z,TRUE,agentive,1,187.5,6,39,female
12832452366,407503439,2021-07-20T20:07:56Z,2021-07-20T20:09:12Z,TRUE,nonagentive,7,1500,6,31,male
12832451266,407503439,2021-07-20T20:07:00Z,2021-07-20T20:18:53Z,TRUE,agentive,7,1500,6,39,male
12832451087,407503439,2021-07-20T20:07:36Z,2021-07-20T20:08:23Z,TRUE,nonagentive,7,0,4,29,male
12832449876,407503439,2021-07-20T20:06:51Z,2021-07-20T20:08:30Z,TRUE,agentive,7,1300,7,19,female
12832446852,407503439,2021-07-20T20:05:22Z,2021-07-20T20:06:52Z,TRUE,agentive,7,1500,6,23,male
12832444436,407503439,2021-07-20T20:04:55Z,2021-07-20T20:06:10Z,TRUE,nonagentive,4,500,5,29,male
12832444157,407503439,2021-07-20T20:04:39Z,2021-07-20T20:07:14Z,TRUE,agentive,7,1500,7,36,male
12832441944,407503439,2021-07-20T20:01:25Z,2021-07-20T20:08:21Z,TRUE,agentive,7,1312.5,7,47,male
12832440277,407503439,2021-07-20T20:02:49Z,2021-07-20T20:05:08Z,TRUE,agentive,7,1312.5,5,23,female
12832437381,407503439,2021-07-20T20:01:25Z,2021-07-20T20:04:31Z,TRUE,nonagentive,4,850,4,24,female
12832434226,407503439,2021-07-20T20:00:53Z,2021-07-20T20:02:41Z,TRUE,agentive,4,1500,6,36,other
12832432612,407503439,2021-07-20T20:00:13Z,2021-07-20T20:01:43Z,TRUE,nonagentive,7,1000,4,26,female
12832431817,407503439,2021-07-20T20:00:09Z,2021-07-20T20:01:15Z,TRUE,nonagentive,7,750,4,37,female
12832426539,407503439,2021-07-20T19:58:08Z,2021-07-20T20:09:46Z,TRUE,agentive,1,2,2,21,female
12832425697,407503439,2021-07-20T19:58:10Z,2021-07-20T19:58:24Z,TRUE,agentive,7,250,5,28,female
12832425651,407503439,2021-07-20T19:58:04Z,2021-07-20T20:00:38Z,TRUE,agentive,4,750,6,NA,male
12832423703,407503439,2021-07-20T19:57:21Z,2021-07-20T19:59:12Z,TRUE,nonagentive,4,750,5,38,male
12832421991,407503439,2021-07-20T19:56:50Z,2021-07-20T19:58:22Z,TRUE,nonagentive,1,0,2,45,male
12832421641,407503439,2021-07-20T19:56:30Z,2021-07-20T19:58:16Z,TRUE,agentive,1,500,4,34,female
12832421090,407503439,2021-07-20T19:56:25Z,2021-07-20T19:57:51Z,TRUE,nonagentive,7,1312.5,7,30,female
12832419991,407503439,2021-07-20T19:56:07Z,2021-07-20T19:57:00Z,TRUE,agentive,1,150,4,23,male
12832419822,407503439,2021-07-20T19:56:02Z,2021-07-20T19:57:10Z,TRUE,agentive,4,250,5,28,female
12832418573,407503439,2021-07-20T19:55:26Z,2021-07-20T19:57:00Z,TRUE,nonagentive,4,750,6,21,male
12832418514,407503439,2021-07-20T19:55:25Z,2021-07-20T19:56:45Z,TRUE,nonagentive,1,0,2,48,female
12832417324,407503439,2021-07-20T19:55:03Z,2021-07-20T19:56:26Z,TRUE,nonagentive,7,1000,5,25,male
12832414319,407503439,2021-07-20T19:53:39Z,2021-07-20T19:54:53Z,TRUE,nonagentive,1,850,5,19,female
12832413103,407503439,2021-07-20T19:53:25Z,2021-07-20T19:54:13Z,TRUE,nonagentive,4,700,3,21,male
12832411615,407503439,2021-07-20T19:52:49Z,2021-07-20T19:54:42Z,TRUE,nonagentive,1,0,2,23,female
12832410137,407503439,2021-07-20T19:51:41Z,2021-07-20T19:53:33Z,TRUE,nonagentive,7,1500,7,45,female
12832409525,407503439,2021-07-20T19:52:04Z,2021-07-20T19:53:41Z,TRUE,nonagentive,1,300,2,21,male
12832405664,407503439,2021-07-20T19:48:55Z,2021-07-20T19:52:43Z,TRUE,agentive,4,1500,7,20,female
12832404855,407503439,2021-07-20T19:50:23Z,2021-07-20T19:51:54Z,TRUE,nonagentive,7,0,7,39,male
12832404095,407503439,2021-07-20T19:50:00Z,2021-07-20T19:50:50Z,TRUE,nonagentive,7,1200,5,20,male
12832402053,407503439,2021-07-20T19:49:22Z,2021-07-20T19:50:08Z,TRUE,agentive,7,1500,5,27,female
12832398797,407503439,2021-07-20T19:47:48Z,2021-07-20T19:49:07Z,TRUE,nonagentive,4,750,7,NA,male
12832394702,407503439,2021-07-20T19:46:22Z,2021-07-20T19:48:18Z,TRUE,nonagentive,1,150,6,21,male
12832388946,407503439,2021-07-20T19:44:03Z,2021-07-20T19:45:40Z,TRUE,nonagentive,4,1500,4,34,female
12832383891,407503439,2021-07-20T19:42:18Z,2021-07-20T19:44:13Z,TRUE,nonagentive,7,1314.6,7,31,male
12832382364,407503439,2021-07-20T19:41:14Z,2021-07-20T19:43:14Z,TRUE,nonagentive,7,0,2,69,male
12832381232,407503439,2021-07-20T19:41:19Z,2021-07-20T19:43:02Z,TRUE,nonagentive,4,1100,6,38,male
12832379822,407503439,2021-07-20T19:40:37Z,2021-07-20T19:42:04Z,TRUE,nonagentive,1,0,1,26,male
12832379629,407503439,2021-07-20T19:40:33Z,2021-07-20T19:41:39Z,TRUE,nonagentive,7,0,1,25,male
12832370637,407503439,2021-07-20T19:36:55Z,2021-07-20T19:38:43Z,TRUE,nonagentive,7,500,5,22,male
12832367292,407503439,2021-07-20T19:35:54Z,2021-07-20T19:36:44Z,TRUE,nonagentive,7,0,7,37,female
12832363353,407503439,2021-07-20T19:34:23Z,2021-07-20T19:36:02Z,TRUE,nonagentive,7,1305,7,23,male
12832360461,407503439,2021-07-20T19:33:17Z,2021-07-20T19:34:23Z,TRUE,agentive,7,0,7,51,female
12832358752,407503439,2021-07-20T19:32:37Z,2021-07-20T19:34:23Z,TRUE,nonagentive,1,750,4,19,male
12832357021,407503439,2021-07-20T19:32:03Z,2021-07-20T19:32:54Z,TRUE,nonagentive,7,0,3,28,female
12832356006,407503439,2021-07-20T19:31:25Z,2021-07-20T19:32:27Z,TRUE,nonagentive,7,1000,2,40,female
12832354759,407503439,2021-07-20T19:31:03Z,2021-07-20T19:32:14Z,TRUE,agentive,1,250,7,25,female
12832352482,407503439,2021-07-20T19:30:09Z,2021-07-20T19:31:10Z,TRUE,agentive,4,750,4,30,female
12832347685,407503439,2021-07-20T19:27:37Z,2021-07-20T19:30:04Z,TRUE,agentive,1,187.5,7,28,female
12832336564,407503439,2021-07-20T19:23:29Z,2021-07-20T19:25:59Z,TRUE,nonagentive,7,1500,6,33,male
12832335097,407503439,2021-07-20T19:22:54Z,2021-07-20T19:24:09Z,TRUE,nonagentive,4,1500,5,23,male
12832330696,407503439,2021-07-20T19:21:06Z,2021-07-20T19:22:38Z,TRUE,agentive,7,100,3,22,female
12832323904,407503439,2021-07-20T19:17:07Z,2021-07-20T19:21:14Z,TRUE,nonagentive,7,1500,6,30,female
12832322750,407503439,2021-07-20T19:16:57Z,2021-07-20T19:25:32Z,TRUE,nonagentive,4,375,3,33,male
12832320170,407503439,2021-07-20T19:16:50Z,2021-07-20T19:18:19Z,TRUE,agentive,4,750,3,18,female
12832314774,407503439,2021-07-20T19:14:44Z,2021-07-20T19:15:37Z,TRUE,nonagentive,1,150,5,20,male
12832313212,407503439,2021-07-20T19:13:49Z,2021-07-20T19:15:37Z,TRUE,nonagentive,7,0,4,29,female
12832310914,407503439,2021-07-20T19:12:45Z,2021-07-20T19:15:31Z,TRUE,nonagentive,4,750,5,44,male
12832307306,407503439,2021-07-20T19:11:18Z,2021-07-20T19:12:46Z,TRUE,agentive,1,0,1,53,male
12832306324,407503439,2021-07-20T19:10:57Z,2021-07-20T19:12:44Z,TRUE,nonagentive,7,1200,6,23,male
12832297701,407503439,2021-07-20T19:07:10Z,2021-07-20T19:10:42Z,TRUE,agentive,1,750,4,53,female
12832280773,407503439,2021-07-20T18:58:04Z,2021-07-20T19:02:41Z,TRUE,nonagentive,1,400,5,23,male
12832273875,407503439,2021-07-20T18:58:08Z,2021-07-20T18:59:31Z,TRUE,nonagentive,7,1000,3,38,female
12834236385,407533880,2021-07-21T13:21:17Z,2021-07-21T13:22:22Z,TRUE,nonagentive,4,750,3,27,male
12834235998,407533880,2021-07-21T13:20:55Z,2021-07-21T13:23:02Z,TRUE,agentive,1,0,2,38,female
12834232670,407533880,2021-07-21T13:18:54Z,2021-07-21T13:20:23Z,TRUE,agentive,1,100,2,55,female
12834232661,407533880,2021-07-21T13:19:06Z,2021-07-21T13:20:23Z,TRUE,nonagentive,4,1000,7,26,female
12834229123,407533880,2021-07-21T13:17:10Z,2021-07-21T13:18:41Z,TRUE,nonagentive,4,750,7,53,male
12834216437,407533880,2021-07-21T13:09:07Z,2021-07-21T13:12:05Z,TRUE,agentive,7,400,3,19,male
12834214971,407533880,2021-07-21T13:08:03Z,2021-07-21T13:10:11Z,TRUE,agentive,7,1312.5,5,22,female
12834207978,407533880,2021-07-21T13:03:55Z,2021-07-21T13:05:40Z,TRUE,agentive,7,1500,6,26,male
12834198999,407533880,2021-07-21T12:58:50Z,2021-07-21T12:59:33Z,TRUE,nonagentive,4,0,2,26,female
12834196759,407533880,2021-07-21T12:57:24Z,2021-07-21T12:58:56Z,TRUE,nonagentive,4,0,5,30,female
12834196276,407533880,2021-07-21T12:57:10Z,2021-07-21T12:59:03Z,TRUE,agentive,1,500,5,28,female
12834195816,407533880,2021-07-21T12:56:55Z,2021-07-21T12:58:09Z,TRUE,agentive,1,500,2,21,I prefer not to answer
12834193464,407533880,2021-07-21T12:55:25Z,2021-07-21T12:56:50Z,TRUE,agentive,7,700,5,34,female
12834188398,407533880,2021-07-21T12:52:14Z,2021-07-21T12:53:23Z,TRUE,agentive,1,0,2,65,male
12834187402,407533880,2021-07-21T12:51:20Z,2021-07-21T12:55:01Z,TRUE,agentive,1,250,1,42,female
12834187073,407533880,2021-07-21T12:51:27Z,2021-07-21T12:52:58Z,TRUE,agentive,7,1000,4,40,female
12834185930,407533880,2021-07-21T12:50:45Z,2021-07-21T12:51:49Z,TRUE,nonagentive,4,0,3,29,male
12834184571,407533880,2021-07-21T12:49:39Z,2021-07-21T12:51:11Z,TRUE,nonagentive,4,200,5,24,female
12834179047,407533880,2021-07-21T12:46:08Z,2021-07-21T12:49:21Z,TRUE,nonagentive,4,0,6,40,male
12834176956,407533880,2021-07-21T12:45:08Z,2021-07-21T12:46:26Z,TRUE,agentive,1,1500,3,34,male
12834175771,407533880,2021-07-21T12:44:23Z,2021-07-21T12:45:40Z,TRUE,agentive,7,1500,7,34,female
12834166126,407533880,2021-07-21T12:38:17Z,2021-07-21T12:40:13Z,TRUE,agentive,1,0,3,32,male
12834150185,407533880,2021-07-21T12:28:35Z,2021-07-21T12:32:11Z,TRUE,agentive,7,5,5,22,female
12834131298,407533880,2021-07-21T12:16:26Z,2021-07-21T12:17:33Z,TRUE,agentive,7,1500,6,21,male
12834129409,407533880,2021-07-21T12:14:21Z,2021-07-21T12:17:35Z,TRUE,nonagentive,4,1500,4,32,male
12834124938,407533880,2021-07-21T12:12:19Z,2021-07-21T12:13:44Z,TRUE,nonagentive,4,1500,3,21,male
12834121212,407533880,2021-07-21T12:09:51Z,2021-07-21T12:11:25Z,TRUE,agentive,1,250,6,32,male
12834116168,407533880,2021-07-21T12:06:30Z,2021-07-21T12:08:03Z,TRUE,agentive,7,1500,7,30,male
12834113539,407533880,2021-07-21T12:04:46Z,2021-07-21T12:05:50Z,TRUE,agentive,7,1200,7,33,female
12834107396,407533880,2021-07-21T12:00:46Z,2021-07-21T12:02:23Z,TRUE,agentive,1,1500,5,33,male
12834079453,407533880,2021-07-21T11:41:30Z,2021-07-21T11:43:09Z,TRUE,nonagentive,4,750,7,NA,female
12834066336,407533880,2021-07-21T11:32:38Z,2021-07-21T11:35:12Z,TRUE,agentive,7,50,2,18,male
12834057020,407533880,2021-07-21T11:25:53Z,2021-07-21T11:28:12Z,TRUE,nonagentive,4,750,4,45,female
12834048977,407533880,2021-07-21T11:20:35Z,2021-07-21T11:22:55Z,TRUE,agentive,1,1500,5,50,female
12834047736,407533880,2021-07-21T11:19:30Z,2021-07-21T11:23:08Z,TRUE,nonagentive,4,500,2,41,male
12834043714,407533880,2021-07-21T11:17:14Z,2021-07-21T11:18:26Z,TRUE,agentive,1,1500,6,22,male
12834040369,407533880,2021-07-21T11:14:36Z,2021-07-21T11:17:18Z,TRUE,agentive,7,1312.5,5,28,male
12834003619,407533880,2021-07-21T10:48:36Z,2021-07-21T10:50:24Z,TRUE,agentive,7,1312.5,6,20,female
12834002182,407533880,2021-07-21T10:47:47Z,2021-07-21T10:50:25Z,TRUE,agentive,1,187,4,25,male
